<?xml version = '1.0' encoding = 'UTF-8'?>
<Diagram class="oracle.dbtools.crest.swingui.logical.DPVLogical" name="Logical" id="75A88EFE-9FAE-3D8A-6F10-4978FE6A4DA9">
<createdBy>viden</createdBy>
<modifiedBy>viden</modifiedBy>
<createdTime>2025-10-04 12:30:42 UTC</createdTime>
<autoRoute>false</autoRoute>
<boxInbox>true</boxInbox>
<showLegend>false</showLegend>
<showLabels>false</showLabels>
<showRelAttributes>false</showRelAttributes>
<gridEnabled>false</gridEnabled>
<showGrid>false</showGrid>
<diagramColor>-1</diagramColor>
<display>false</display>
<notation>1</notation>
<objectViews>
<OView class="oracle.dbtools.crest.swingui.logical.TVEntity" oid="02866BA6-2C7D-EC7F-EE66-F92B6CF4D6E5" otype="Entity" vid="1A4D3C9B-DCA3-02B6-F43D-374A07BD3BE6">
<hideElementsInCurrentOnly>false</hideElementsInCurrentOnly>
<bounds x="1051" y="980" width="221" height="168"/>
</OView>
<OView class="oracle.dbtools.crest.swingui.logical.TVEntity" oid="06C4FB18-5F25-6351-5E5C-544E0F4AC992" otype="Entity" vid="B140C669-9049-1B57-CC53-CF6B56650C03">
<hideElementsInCurrentOnly>false</hideElementsInCurrentOnly>
<bounds x="2089" y="696" width="319" height="151"/>
</OView>
<OView class="oracle.dbtools.crest.swingui.logical.TVEntity" oid="14BEAA69-61C6-1B74-5037-4E498C01BE78" otype="Entity" vid="E3EE79E3-13ED-2E38-66A9-8AD3D0FC05F4">
<hideElementsInCurrentOnly>false</hideElementsInCurrentOnly>
<bounds x="1818" y="414" width="268" height="185"/>
</OView>
<OView class="oracle.dbtools.crest.swingui.logical.TVEntity" oid="171F04A7-3CE5-759E-AEE5-9839E92F5597" otype="Entity" vid="B46D55BB-6E97-46A7-5387-D42BB3778C33">
<hideElementsInCurrentOnly>false</hideElementsInCurrentOnly>
<bounds x="1951" y="1282" width="230" height="167"/>
</OView>
<OView class="oracle.dbtools.crest.swingui.logical.TVEntity" oid="19011392-05CA-6CE8-6511-0C3D03855558" otype="Entity" vid="3C0ED07D-DFD2-E901-BF90-8F76B0662D1C">
<hideElementsInCurrentOnly>false</hideElementsInCurrentOnly>
<bounds x="571" y="691" width="230" height="111"/>
</OView>
<OView class="oracle.dbtools.crest.swingui.logical.TVEntity" oid="21A28DE6-2941-7CD4-7F5D-7A61B044C100" otype="Entity" vid="5FBC7DE9-3A16-5C08-DFF3-ECDAF6B1B4F4">
<hideElementsInCurrentOnly>false</hideElementsInCurrentOnly>
<bounds x="493" y="936" width="179" height="80"/>
</OView>
<OView class="oracle.dbtools.crest.swingui.logical.TVEntity" oid="23D6E45F-6CA9-1A50-9404-F087FC4729B4" otype="Entity" vid="53FB7191-EEA3-85E0-C98F-AFFC4AE6C0B1">
<hideElementsInCurrentOnly>false</hideElementsInCurrentOnly>
<bounds x="1035" y="844" width="165" height="105"/>
</OView>
<OView class="oracle.dbtools.crest.swingui.logical.TVEntity" oid="2EDB429B-011D-94D7-34ED-6820EC21E3B7" otype="Entity" vid="4BAB438A-AE7E-32C1-72ED-8724B3C11713">
<hideElementsInCurrentOnly>false</hideElementsInCurrentOnly>
<bounds x="2078" y="1645" width="258" height="139"/>
</OView>
<OView class="oracle.dbtools.crest.swingui.logical.TVEntity" oid="45B5221B-5B8A-E118-A517-3E58F3007CFD" otype="Entity" vid="EED1C363-32CD-FD1C-9C75-A273D79316D2">
<hideElementsInCurrentOnly>false</hideElementsInCurrentOnly>
<bounds x="1156" y="658" width="258" height="138"/>
</OView>
<OView class="oracle.dbtools.crest.swingui.logical.TVEntity" oid="47334580-FD31-CCA0-273A-8A4894B5B1EA" otype="Entity" vid="9015F6DC-D71B-4EF5-7D80-2C01595D7488">
<hideElementsInCurrentOnly>false</hideElementsInCurrentOnly>
<bounds x="2196" y="486" width="307" height="154"/>
</OView>
<OView class="oracle.dbtools.crest.swingui.logical.TVEntity" oid="476E246E-4A05-7CDF-1E4E-B78F24BF2682" otype="Entity" vid="5869704E-4206-1125-A03C-3173493A10D0">
<hideElementsInCurrentOnly>false</hideElementsInCurrentOnly>
<bounds x="1832" y="1657" width="206" height="123"/>
</OView>
<OView class="oracle.dbtools.crest.swingui.logical.TVEntity" oid="47A8B3EC-F09E-E135-8581-AD3D62C2B5D4" otype="Entity" vid="8747EAEB-5E21-46B2-670C-2DC5B0064DA9">
<hideElementsInCurrentOnly>false</hideElementsInCurrentOnly>
<bounds x="1238" y="1704" width="157" height="83"/>
</OView>
<OView class="oracle.dbtools.crest.swingui.logical.TVEntity" oid="47EAC8CC-90AB-A515-5336-51701B314B3E" otype="Entity" vid="290BE542-23E3-AC7D-9F1E-116EDFA8D143">
<hideElementsInCurrentOnly>false</hideElementsInCurrentOnly>
<bounds x="1149" y="1595" width="117" height="67"/>
</OView>
<OView class="oracle.dbtools.crest.swingui.logical.TVEntity" oid="490261FB-D85A-84A8-A904-E2625AEB4280" otype="Entity" vid="399B7547-50A4-1BBF-FBAF-0176B952745D">
<hideElementsInCurrentOnly>false</hideElementsInCurrentOnly>
<bounds x="2595" y="1207" width="230" height="174"/>
</OView>
<OView class="oracle.dbtools.crest.swingui.logical.TVEntity" oid="4DB9E78B-CDD7-3325-0DD1-9ED2EB76FB43" otype="Entity" vid="5B493C40-3344-44D4-E3D4-B6F4E6F9BB24">
<hideElementsInCurrentOnly>false</hideElementsInCurrentOnly>
<bounds x="2418" y="1021" width="190" height="113"/>
</OView>
<OView class="oracle.dbtools.crest.swingui.logical.TVEntity" oid="51A3039F-9F87-C4F7-FEC6-F0D5DCEFCCCC" otype="Entity" vid="5E2582FE-4D8F-9D2B-1A2E-6111307AADF0">
<hideElementsInCurrentOnly>false</hideElementsInCurrentOnly>
<bounds x="585" y="1400" width="162" height="109"/>
</OView>
<OView class="oracle.dbtools.crest.swingui.logical.TVEntity" oid="602144DD-8A75-E627-62D0-0D457F200582" otype="Entity" vid="50EF8308-C079-2A97-E006-67B06DE7E6DC">
<hideElementsInCurrentOnly>false</hideElementsInCurrentOnly>
<bounds x="1593" y="1671" width="200" height="111"/>
</OView>
<OView class="oracle.dbtools.crest.swingui.logical.TVEntity" oid="60B753F3-A976-4679-FC0A-C88CA0081473" otype="Entity" vid="423D50D9-E836-BB40-2B39-9FD252D2BAA0">
<hideElementsInCurrentOnly>false</hideElementsInCurrentOnly>
<bounds x="745" y="907" width="230" height="246"/>
</OView>
<OView class="oracle.dbtools.crest.swingui.logical.TVEntity" oid="60E0BA4A-5D87-B586-8152-9EAA274DB4DE" otype="Entity" vid="B8D7EBAB-6D03-F626-94FC-FCD363256FBC">
<hideElementsInCurrentOnly>false</hideElementsInCurrentOnly>
<bounds x="391" y="1496" width="162" height="96"/>
</OView>
<OView class="oracle.dbtools.crest.swingui.logical.TVEntity" oid="6497A787-C8B8-4493-1041-13BF6FA01541" otype="Entity" vid="FD7ED9CE-661D-0EBA-72D1-A43B87678BB4">
<hideElementsInCurrentOnly>false</hideElementsInCurrentOnly>
<bounds x="518" y="1214" width="269" height="176"/>
</OView>
<OView class="oracle.dbtools.crest.swingui.logical.TVEntity" oid="6AF840F3-084E-20D4-9CB7-BFA8C5FF6616" otype="Entity" vid="16FE2179-AA36-6FAB-E897-C328019C3E2D">
<hideElementsInCurrentOnly>false</hideElementsInCurrentOnly>
<bounds x="1414" y="1704" width="158" height="82"/>
</OView>
<OView class="oracle.dbtools.crest.swingui.logical.TVEntity" oid="6D1ADE19-360C-999C-2507-4EFC90447EAE" otype="Entity" vid="FACB1763-9AB0-D399-BF56-1DD6BE229D70">
<hideElementsInCurrentOnly>false</hideElementsInCurrentOnly>
<bounds x="1642" y="1224" width="150" height="108"/>
</OView>
<OView class="oracle.dbtools.crest.swingui.logical.TVEntity" oid="6DF9A2F8-BFAC-FC55-0F11-D41B308AA227" otype="Entity" vid="377AC68D-23AC-7CB3-E716-E71227C4E7E4">
<hideElementsInCurrentOnly>false</hideElementsInCurrentOnly>
<bounds x="1339" y="1420" width="259" height="189"/>
</OView>
<OView class="oracle.dbtools.crest.swingui.logical.TVEntity" oid="6F4983B3-F970-CF76-0E36-54FBF3DF6F63" otype="Entity" vid="3C5C3390-4E57-67F1-4543-51EC2814BBDF">
<hideElementsInCurrentOnly>false</hideElementsInCurrentOnly>
<bounds x="805" y="1619" width="143" height="74"/>
</OView>
<OView class="oracle.dbtools.crest.swingui.logical.TVEntity" oid="7206F74C-E8EE-C3A2-85D3-1627DA46DCBF" otype="Entity" vid="3E445E6C-08B9-1B98-7B7C-8CB9DBEEF7AB">
<hideElementsInCurrentOnly>false</hideElementsInCurrentOnly>
<bounds x="1442" y="991" width="170" height="110"/>
</OView>
<OView class="oracle.dbtools.crest.swingui.logical.TVEntity" oid="75D9BD71-C857-BD85-4FA3-306053A9A8D9" otype="Entity" vid="8B5EE028-BAA9-D20A-264D-A8016FC9666E">
<hideElementsInCurrentOnly>false</hideElementsInCurrentOnly>
<bounds x="1792" y="957" width="242" height="179"/>
</OView>
<OView class="oracle.dbtools.crest.swingui.logical.TVEntity" oid="81FD22D4-3718-4B5F-7162-0E02C287AB38" otype="Entity" vid="9557FF06-C898-04DD-060B-36A4EE53CA63">
<hideElementsInCurrentOnly>false</hideElementsInCurrentOnly>
<bounds x="184" y="1454" width="170" height="110"/>
</OView>
<OView class="oracle.dbtools.crest.swingui.logical.TVEntity" oid="86D74B37-81DD-41CF-F555-41737E411FA2" otype="Entity" vid="F013E29F-9632-F773-DB0A-61687C0C3878">
<hideElementsInCurrentOnly>false</hideElementsInCurrentOnly>
<bounds x="2565" y="609" width="265" height="166"/>
</OView>
<OView class="oracle.dbtools.crest.swingui.logical.TVEntity" oid="88EC0702-FF6C-6021-8774-E79783B78300" otype="Entity" vid="5CF1EAEF-F2FA-BB8D-AED1-9329DBCA1547">
<hideElementsInCurrentOnly>false</hideElementsInCurrentOnly>
<bounds x="834" y="1403" width="147" height="184"/>
</OView>
<OView class="oracle.dbtools.crest.swingui.logical.TVEntity" oid="89031A92-E303-BCBE-56E7-27D760A3E22F" otype="Entity" vid="AEE0B8EB-AF74-ECA5-BD34-2F7ADBC6D6E8">
<hideElementsInCurrentOnly>false</hideElementsInCurrentOnly>
<bounds x="1451" y="484" width="314" height="149"/>
</OView>
<OView class="oracle.dbtools.crest.swingui.logical.TVEntity" oid="898F8C0E-D167-07F4-2F3C-8CF6A724D54E" otype="Entity" vid="1286019D-B137-7DAF-A3DE-A8541B2AD092">
<hideElementsInCurrentOnly>false</hideElementsInCurrentOnly>
<bounds x="2605" y="1417" width="170" height="110"/>
</OView>
<OView class="oracle.dbtools.crest.swingui.logical.TVEntity" oid="9471BCB6-310C-5E63-438F-0EAB9A890F9A" otype="Entity" vid="4285B786-B06B-1168-1606-A4C7A024B387">
<hideElementsInCurrentOnly>false</hideElementsInCurrentOnly>
<bounds x="2109" y="890" width="247" height="198"/>
</OView>
<OView class="oracle.dbtools.crest.swingui.logical.TVEntity" oid="A2A9303D-F7E7-12AF-0911-14C2B5AE7132" otype="Entity" vid="0976C04D-9C70-2372-2F40-D78330DBDDF9">
<hideElementsInCurrentOnly>false</hideElementsInCurrentOnly>
<bounds x="1718" y="714" width="293" height="191"/>
</OView>
<OView class="oracle.dbtools.crest.swingui.logical.TVEntity" oid="A33D0AA5-F2D5-CDEE-B22A-70AAD9113A73" otype="Entity" vid="F73277DE-B58A-B28D-DF54-F6F9A86C6F91">
<hideElementsInCurrentOnly>false</hideElementsInCurrentOnly>
<bounds x="873" y="1241" width="246" height="145"/>
</OView>
<OView class="oracle.dbtools.crest.swingui.logical.TVEntity" oid="A573501F-8F11-4CFD-FD27-4897CE47BD73" otype="Entity" vid="C3C4FAD1-39C2-3D73-DB4F-614EE4812A5F">
<hideElementsInCurrentOnly>false</hideElementsInCurrentOnly>
<bounds x="1165" y="1235" width="206" height="171"/>
</OView>
<OView class="oracle.dbtools.crest.swingui.logical.TVEntity" oid="AC4ACA90-B71D-B1DC-27FE-0960F78CCA0F" otype="Entity" vid="1BF6C642-552F-49EB-B2F4-A581911E56AE">
<hideElementsInCurrentOnly>false</hideElementsInCurrentOnly>
<bounds x="1442" y="662" width="224" height="132"/>
</OView>
<OView class="oracle.dbtools.crest.swingui.logical.TVEntity" oid="AE157029-146E-61B7-7320-1CBD064461FD" otype="Entity" vid="4FAACCA9-6ECA-1FBC-E50C-AAE3E72122EE">
<hideElementsInCurrentOnly>false</hideElementsInCurrentOnly>
<bounds x="2281" y="1154" width="255" height="144"/>
</OView>
<OView class="oracle.dbtools.crest.swingui.logical.TVEntity" oid="B215D784-0687-4B8C-DE1B-6577F37D96F6" otype="Entity" vid="822ED154-6CD8-0905-BAB3-4DF60EA9A3C8">
<hideElementsInCurrentOnly>false</hideElementsInCurrentOnly>
<bounds x="1630" y="1368" width="235" height="167"/>
</OView>
<OView class="oracle.dbtools.crest.swingui.logical.TVEntity" oid="B56F2A4D-AA98-394B-562F-77731A0C9D2B" otype="Entity" vid="94B05B23-F213-988D-4D13-91D18012D83B">
<hideElementsInCurrentOnly>false</hideElementsInCurrentOnly>
<bounds x="2565" y="808" width="306" height="181"/>
</OView>
<OView class="oracle.dbtools.crest.swingui.logical.TVEntity" oid="B69E59B9-0965-781C-61F0-F6D7C207F20D" otype="Entity" vid="41920C48-B0C1-9352-AAFC-BC8EC3329D61">
<hideElementsInCurrentOnly>false</hideElementsInCurrentOnly>
<bounds x="1299" y="810" width="175" height="149"/>
</OView>
<OView class="oracle.dbtools.crest.swingui.logical.TVEntity" oid="BA77CD70-DA2E-E3D2-846A-724BE4445D12" otype="Entity" vid="C56D13A5-EF7B-B7CF-2337-1E779F24FA77">
<hideElementsInCurrentOnly>false</hideElementsInCurrentOnly>
<bounds x="1124" y="509" width="181" height="94"/>
</OView>
<OView class="oracle.dbtools.crest.swingui.logical.TVEntity" oid="C3271824-71E5-3928-8BFC-B6A22D7563C6" otype="Entity" vid="05218D9E-42F4-5E29-EDF7-1F20B3A1D458">
<hideElementsInCurrentOnly>false</hideElementsInCurrentOnly>
<bounds x="1018" y="277" width="375" height="211"/>
</OView>
<OView class="oracle.dbtools.crest.swingui.logical.TVEntity" oid="C92EA7C2-C148-2907-D524-501B0566AB68" otype="Entity" vid="CC66497F-0B08-A6CE-393A-E6538EBFA9D9">
<hideElementsInCurrentOnly>false</hideElementsInCurrentOnly>
<bounds x="488" y="1061" width="197" height="70"/>
</OView>
<OView class="oracle.dbtools.crest.swingui.logical.TVEntity" oid="D0FA8BF5-463C-E6AD-17AF-FC9F64FE04FC" otype="Entity" vid="3811FBCD-74E4-2951-F58D-1BC6039C56AD">
<hideElementsInCurrentOnly>false</hideElementsInCurrentOnly>
<bounds x="353" y="1640" width="170" height="110"/>
</OView>
<OView class="oracle.dbtools.crest.swingui.logical.TVEntity" oid="E01BA641-4D23-03D9-9C6D-F4DAB28E0CE8" otype="Entity" vid="314E78F0-1D20-4E24-B402-9BE23ABD94BF">
<hideElementsInCurrentOnly>false</hideElementsInCurrentOnly>
<bounds x="2286" y="1347" width="227" height="132"/>
</OView>
<OView class="oracle.dbtools.crest.swingui.logical.TVEntity" oid="E061E46C-9563-636A-3966-F59E4E6BDC5E" otype="Entity" vid="1F94D918-0BE2-1A17-E7C1-574EAC3627C0">
<hideElementsInCurrentOnly>false</hideElementsInCurrentOnly>
<bounds x="1440" y="1138" width="170" height="110"/>
</OView>
<OView class="oracle.dbtools.crest.swingui.logical.TVEntity" oid="E4A81369-D8C6-A6FA-5840-CAAFBB3BA96A" otype="Entity" vid="7EB9F043-4AAC-6DA5-4A22-2FDEB11301C4">
<hideElementsInCurrentOnly>false</hideElementsInCurrentOnly>
<bounds x="1039" y="1447" width="220" height="100"/>
</OView>
<OView class="oracle.dbtools.crest.swingui.logical.TVEntity" oid="EAD01CD9-E7F6-0762-48A2-655E2E6807F1" otype="Entity" vid="06CEFF51-F464-DF78-5014-CFCB93987399">
<hideElementsInCurrentOnly>false</hideElementsInCurrentOnly>
<bounds x="872" y="678" width="220" height="103"/>
</OView>
<OView class="oracle.dbtools.crest.swingui.logical.TVEntity" oid="FD11F1E7-6ACC-E9B4-8B36-90FD51140D83" otype="Entity" vid="21B6BFC2-DD1B-7920-F41F-DFE6E04B6FB8">
<hideElementsInCurrentOnly>false</hideElementsInCurrentOnly>
<bounds x="275" y="456" width="231" height="140"/>
</OView>
</objectViews>
<connectors>
<Connector class="oracle.dbtools.crest.swingui.logical.TVRelation" oid="0D26E809-F331-BBD8-C978-621EE9CDC4AA" otype="Relation" vid_source="5869704E-4206-1125-A03C-3173493A10D0" vid_target="8B5EE028-BAA9-D20A-264D-A8016FC9666E">
<hideElementsInCurrentOnly>false</hideElementsInCurrentOnly>
<backgroundColor>-16777216</backgroundColor>
<lineWidth>1</lineWidth>
<points>
<point x="1933" y="1657"/>
<point x="1933" y="1136"/>
</points>
</Connector>
<Connector class="oracle.dbtools.crest.swingui.logical.TVRelation" oid="0ECDC7F5-494B-4328-8658-0F85FCE4EB95" otype="Relation" vid_source="C3C4FAD1-39C2-3D73-DB4F-614EE4812A5F" vid_target="1A4D3C9B-DCA3-02B6-F43D-374A07BD3BE6">
<hideElementsInCurrentOnly>false</hideElementsInCurrentOnly>
<backgroundColor>-16777216</backgroundColor>
<lineWidth>1</lineWidth>
<points>
<point x="1248" y="1235"/>
<point x="1248" y="1148"/>
</points>
</Connector>
<Connector class="oracle.dbtools.crest.swingui.logical.TVRelation" oid="10EB7035-4293-72C9-3E92-FB2CF76CECB6" otype="Relation" vid_source="B140C669-9049-1B57-CC53-CF6B56650C03" vid_target="94B05B23-F213-988D-4D13-91D18012D83B">
<hideElementsInCurrentOnly>false</hideElementsInCurrentOnly>
<backgroundColor>-16777216</backgroundColor>
<lineWidth>1</lineWidth>
<points>
<point x="2408" y="827"/>
<point x="2565" y="827"/>
</points>
</Connector>
<Connector class="oracle.dbtools.crest.swingui.logical.TVRelation" oid="1453FAB0-9A8A-9164-C093-F1428936F15B" otype="Relation" vid_source="4285B786-B06B-1168-1606-A4C7A024B387" vid_target="8B5EE028-BAA9-D20A-264D-A8016FC9666E">
<hideElementsInCurrentOnly>false</hideElementsInCurrentOnly>
<backgroundColor>-16777216</backgroundColor>
<lineWidth>1</lineWidth>
<points>
<point x="2109" y="1037"/>
<point x="2034" y="1037"/>
</points>
</Connector>
<Connector class="oracle.dbtools.crest.swingui.logical.TVRelation" oid="14DE4532-6307-EEA4-506F-9619425D325A" otype="Relation" vid_source="C56D13A5-EF7B-B7CF-2337-1E779F24FA77" vid_target="EED1C363-32CD-FD1C-9C75-A273D79316D2">
<hideElementsInCurrentOnly>false</hideElementsInCurrentOnly>
<backgroundColor>-16777216</backgroundColor>
<lineWidth>1</lineWidth>
<points>
<point x="1208" y="603"/>
<point x="1208" y="658"/>
</points>
</Connector>
<Connector class="oracle.dbtools.crest.swingui.logical.TVRelation" oid="1901E8B1-F603-1981-4523-4938B8A8CC15" otype="Relation" vid_source="1A4D3C9B-DCA3-02B6-F43D-374A07BD3BE6" vid_target="423D50D9-E836-BB40-2B39-9FD252D2BAA0">
<hideElementsInCurrentOnly>false</hideElementsInCurrentOnly>
<backgroundColor>-16777216</backgroundColor>
<lineWidth>1</lineWidth>
<points>
<point x="1051" y="1064"/>
<point x="975" y="1064"/>
</points>
</Connector>
<Connector class="oracle.dbtools.crest.swingui.logical.TVRelation" oid="2AE68C5B-DB28-562A-49E9-140D7D21658C" otype="Relation" vid_source="B8D7EBAB-6D03-F626-94FC-FCD363256FBC" vid_target="21B6BFC2-DD1B-7920-F41F-DFE6E04B6FB8">
<hideElementsInCurrentOnly>false</hideElementsInCurrentOnly>
<backgroundColor>-16777216</backgroundColor>
<lineWidth>1</lineWidth>
<points>
<point x="448" y="1496"/>
<point x="448" y="596"/>
</points>
</Connector>
<Connector class="oracle.dbtools.crest.swingui.logical.TVRelation" oid="2B0CC579-21E5-BB8D-7A9B-068C25C334C6" otype="Relation" vid_source="290BE542-23E3-AC7D-9F1E-116EDFA8D143" vid_target="377AC68D-23AC-7CB3-E716-E71227C4E7E4">
<hideElementsInCurrentOnly>false</hideElementsInCurrentOnly>
<backgroundColor>-16777216</backgroundColor>
<lineWidth>1</lineWidth>
<points>
<point x="1266" y="1602"/>
<point x="1339" y="1602"/>
</points>
</Connector>
<Connector class="oracle.dbtools.crest.swingui.logical.TVRelation" oid="302675E2-422A-D6A5-AC24-E0A62652E7F6" otype="Relation" vid_source="5FBC7DE9-3A16-5C08-DFF3-ECDAF6B1B4F4" vid_target="423D50D9-E836-BB40-2B39-9FD252D2BAA0">
<hideElementsInCurrentOnly>false</hideElementsInCurrentOnly>
<backgroundColor>-16777216</backgroundColor>
<lineWidth>1</lineWidth>
<points>
<point x="672" y="976"/>
<point x="745" y="976"/>
</points>
</Connector>
<Connector class="oracle.dbtools.crest.swingui.logical.TVRelation" oid="32B4D62B-A506-9794-D3A7-1CBDA6B94371" otype="Relation" vid_source="5E2582FE-4D8F-9D2B-1A2E-6111307AADF0" vid_target="5CF1EAEF-F2FA-BB8D-AED1-9329DBCA1547">
<hideElementsInCurrentOnly>false</hideElementsInCurrentOnly>
<backgroundColor>-16777216</backgroundColor>
<lineWidth>1</lineWidth>
<points>
<point x="747" y="1456"/>
<point x="834" y="1456"/>
</points>
</Connector>
<Connector class="oracle.dbtools.crest.swingui.logical.TVRelation" oid="3CCC68C5-1103-5AC3-2AFE-8D5061EDA815" otype="Relation" vid_source="5CF1EAEF-F2FA-BB8D-AED1-9329DBCA1547" vid_target="7EB9F043-4AAC-6DA5-4A22-2FDEB11301C4">
<hideElementsInCurrentOnly>false</hideElementsInCurrentOnly>
<backgroundColor>-16777216</backgroundColor>
<lineWidth>1</lineWidth>
<points>
<point x="981" y="1497"/>
<point x="1039" y="1497"/>
</points>
</Connector>
<Connector class="oracle.dbtools.crest.swingui.logical.TVRelation" oid="3D8FB1E4-499E-FD1B-9915-6B5248720305" otype="Relation" vid_source="EED1C363-32CD-FD1C-9C75-A273D79316D2" vid_target="06CEFF51-F464-DF78-5014-CFCB93987399">
<hideElementsInCurrentOnly>false</hideElementsInCurrentOnly>
<backgroundColor>-16777216</backgroundColor>
<lineWidth>1</lineWidth>
<points>
<point x="1156" y="729"/>
<point x="1092" y="729"/>
</points>
</Connector>
<Connector class="oracle.dbtools.crest.swingui.logical.TVRelation" oid="42813DB4-DA34-CD44-F1D9-A566D3BA4DB9" otype="Relation" vid_source="C3C4FAD1-39C2-3D73-DB4F-614EE4812A5F" vid_target="822ED154-6CD8-0905-BAB3-4DF60EA9A3C8">
<hideElementsInCurrentOnly>false</hideElementsInCurrentOnly>
<backgroundColor>-16777216</backgroundColor>
<lineWidth>1</lineWidth>
<points>
<point x="1371" y="1402"/>
<point x="1630" y="1402"/>
</points>
</Connector>
<Connector class="oracle.dbtools.crest.swingui.logical.TVRelation" oid="47CCCED2-3A4D-BAF3-A870-B06B91EDF805" otype="Relation" vid_source="1286019D-B137-7DAF-A3DE-A8541B2AD092" vid_target="399B7547-50A4-1BBF-FBAF-0176B952745D">
<hideElementsInCurrentOnly>false</hideElementsInCurrentOnly>
<backgroundColor>-16777216</backgroundColor>
<lineWidth>1</lineWidth>
<points>
<point x="2690" y="1417"/>
<point x="2690" y="1381"/>
</points>
</Connector>
<Connector class="oracle.dbtools.crest.swingui.logical.TVRelation" oid="484E4821-33ED-7C7B-13FA-43F181EE1128" otype="Relation" vid_source="E3EE79E3-13ED-2E38-66A9-8AD3D0FC05F4" vid_target="05218D9E-42F4-5E29-EDF7-1F20B3A1D458">
<hideElementsInCurrentOnly>false</hideElementsInCurrentOnly>
<backgroundColor>-16777216</backgroundColor>
<lineWidth>1</lineWidth>
<points>
<point x="1818" y="451"/>
<point x="1393" y="451"/>
</points>
</Connector>
<Connector class="oracle.dbtools.crest.swingui.logical.TVRelation" oid="491A8AE3-E3D3-F98E-BB88-854F72343E64" otype="Relation" vid_source="5B493C40-3344-44D4-E3D4-B6F4E6F9BB24" vid_target="4285B786-B06B-1168-1606-A4C7A024B387">
<hideElementsInCurrentOnly>false</hideElementsInCurrentOnly>
<backgroundColor>-16777216</backgroundColor>
<lineWidth>1</lineWidth>
<points>
<point x="2418" y="1054"/>
<point x="2356" y="1054"/>
</points>
</Connector>
<Connector class="oracle.dbtools.crest.swingui.logical.TVRelation" oid="4D5E9893-C8C7-18FD-1550-CD02C86FABAB" otype="Relation" vid_source="1A4D3C9B-DCA3-02B6-F43D-374A07BD3BE6" vid_target="423D50D9-E836-BB40-2B39-9FD252D2BAA0">
<hideElementsInCurrentOnly>false</hideElementsInCurrentOnly>
<backgroundColor>-16777216</backgroundColor>
<lineWidth>1</lineWidth>
<points>
<point x="1051" y="1079"/>
<point x="975" y="1079"/>
</points>
</Connector>
<Connector class="oracle.dbtools.crest.swingui.logical.TVRelation" oid="50EDE0E0-9595-B414-8144-E75DB863825C" otype="Relation" vid_source="B140C669-9049-1B57-CC53-CF6B56650C03" vid_target="9015F6DC-D71B-4EF5-7D80-2C01595D7488">
<hideElementsInCurrentOnly>false</hideElementsInCurrentOnly>
<backgroundColor>-16777216</backgroundColor>
<lineWidth>1</lineWidth>
<points>
<point x="2302" y="696"/>
<point x="2302" y="640"/>
</points>
</Connector>
<Connector class="oracle.dbtools.crest.swingui.logical.TVRelation" oid="5A73CCAD-488F-70D7-5AD1-417BA3F9D574" otype="Relation" vid_source="8B5EE028-BAA9-D20A-264D-A8016FC9666E" vid_target="4FAACCA9-6ECA-1FBC-E50C-AAE3E72122EE">
<hideElementsInCurrentOnly>false</hideElementsInCurrentOnly>
<backgroundColor>-16777216</backgroundColor>
<lineWidth>1</lineWidth>
<points>
<point x="2034" y="1090"/>
<point x="2281" y="1179"/>
</points>
</Connector>
<Connector class="oracle.dbtools.crest.swingui.logical.TVRelation" oid="5D7A7688-F96C-53E5-51E8-C12B930046CB" otype="Relation" vid_source="1BF6C642-552F-49EB-B2F4-A581911E56AE" vid_target="0976C04D-9C70-2372-2F40-D78330DBDDF9">
<hideElementsInCurrentOnly>false</hideElementsInCurrentOnly>
<backgroundColor>-16777216</backgroundColor>
<lineWidth>1</lineWidth>
<points>
<point x="1666" y="754"/>
<point x="1718" y="754"/>
</points>
</Connector>
<Connector class="oracle.dbtools.crest.swingui.logical.TVRelation" oid="6000E522-929F-1775-3A26-8B1FE5183E5D" otype="Relation" vid_source="B8D7EBAB-6D03-F626-94FC-FCD363256FBC" vid_target="3811FBCD-74E4-2951-F58D-1BC6039C56AD">
<hideElementsInCurrentOnly>false</hideElementsInCurrentOnly>
<backgroundColor>-16777216</backgroundColor>
<lineWidth>1</lineWidth>
<points>
<point x="472" y="1592"/>
<point x="472" y="1640"/>
</points>
</Connector>
<Connector class="oracle.dbtools.crest.swingui.logical.TVRelation" oid="60E6019D-3D40-6D4B-235F-836346743CD0" otype="Relation" vid_source="3C5C3390-4E57-67F1-4543-51EC2814BBDF" vid_target="5CF1EAEF-F2FA-BB8D-AED1-9329DBCA1547">
<hideElementsInCurrentOnly>false</hideElementsInCurrentOnly>
<backgroundColor>-16777216</backgroundColor>
<lineWidth>1</lineWidth>
<points>
<point x="891" y="1619"/>
<point x="891" y="1587"/>
</points>
</Connector>
<Connector class="oracle.dbtools.crest.swingui.logical.TVRelation" oid="62B94F09-7D36-318F-CFD6-15E6B525823C" otype="Relation" vid_source="1A4D3C9B-DCA3-02B6-F43D-374A07BD3BE6" vid_target="53FB7191-EEA3-85E0-C98F-AFFC4AE6C0B1">
<hideElementsInCurrentOnly>false</hideElementsInCurrentOnly>
<backgroundColor>-16777216</backgroundColor>
<lineWidth>1</lineWidth>
<points>
<point x="1125" y="980"/>
<point x="1125" y="949"/>
</points>
</Connector>
<Connector class="oracle.dbtools.crest.swingui.logical.TVRelation" oid="6416F2F6-6961-9C2B-2697-8EA9EC13F496" otype="Relation" vid_source="8747EAEB-5E21-46B2-670C-2DC5B0064DA9" vid_target="377AC68D-23AC-7CB3-E716-E71227C4E7E4">
<hideElementsInCurrentOnly>false</hideElementsInCurrentOnly>
<backgroundColor>-16777216</backgroundColor>
<lineWidth>1</lineWidth>
<points>
<point x="1367" y="1704"/>
<point x="1367" y="1609"/>
</points>
</Connector>
<Connector class="oracle.dbtools.crest.swingui.logical.TVRelation" oid="6542CB6B-9754-A431-7162-917073875B2B" otype="Relation" vid_source="B8D7EBAB-6D03-F626-94FC-FCD363256FBC" vid_target="9557FF06-C898-04DD-060B-36A4EE53CA63">
<hideElementsInCurrentOnly>false</hideElementsInCurrentOnly>
<backgroundColor>-16777216</backgroundColor>
<lineWidth>1</lineWidth>
<points>
<point x="391" y="1530"/>
<point x="354" y="1530"/>
</points>
</Connector>
<Connector class="oracle.dbtools.crest.swingui.logical.TVRelation" oid="67AD5E87-4003-9F5B-0B1A-E6F54B7F357F" otype="Relation" vid_source="E3EE79E3-13ED-2E38-66A9-8AD3D0FC05F4" vid_target="E3EE79E3-13ED-2E38-66A9-8AD3D0FC05F4">
<hideElementsInCurrentOnly>false</hideElementsInCurrentOnly>
<backgroundColor>-16777216</backgroundColor>
<lineWidth>1</lineWidth>
<points>
<point x="2086" y="522"/>
<point x="2136" y="522"/>
<point x="2136" y="649"/>
<point x="1975" y="649"/>
<point x="1975" y="599"/>
</points>
</Connector>
<Connector class="oracle.dbtools.crest.swingui.logical.TVRelation" oid="6D00C01C-2C31-5902-7406-0877194553B9" otype="Relation" vid_source="F73277DE-B58A-B28D-DF54-F6F9A86C6F91" vid_target="FD7ED9CE-661D-0EBA-72D1-A43B87678BB4">
<hideElementsInCurrentOnly>false</hideElementsInCurrentOnly>
<backgroundColor>-16777216</backgroundColor>
<lineWidth>1</lineWidth>
<points>
<point x="873" y="1313"/>
<point x="787" y="1313"/>
</points>
</Connector>
<Connector class="oracle.dbtools.crest.swingui.logical.TVRelation" oid="6F84292B-960F-D1DE-F803-3D87DC34B75F" otype="Relation" vid_source="FD7ED9CE-661D-0EBA-72D1-A43B87678BB4" vid_target="423D50D9-E836-BB40-2B39-9FD252D2BAA0">
<hideElementsInCurrentOnly>false</hideElementsInCurrentOnly>
<backgroundColor>-16777216</backgroundColor>
<lineWidth>1</lineWidth>
<points>
<point x="766" y="1214"/>
<point x="766" y="1153"/>
</points>
</Connector>
<Connector class="oracle.dbtools.crest.swingui.logical.TVRelation" oid="6FE2EDA1-CAE4-231B-5C03-88BC31E2E9CE" otype="Relation" vid_source="41920C48-B0C1-9352-AAFC-BC8EC3329D61" vid_target="0976C04D-9C70-2372-2F40-D78330DBDDF9">
<hideElementsInCurrentOnly>false</hideElementsInCurrentOnly>
<backgroundColor>-16777216</backgroundColor>
<lineWidth>1</lineWidth>
<points>
<point x="1474" y="857"/>
<point x="1718" y="857"/>
</points>
</Connector>
<Connector class="oracle.dbtools.crest.swingui.logical.TVRelation" oid="7456BC5D-1C5C-5BC9-CCA3-551AF5695440" otype="Relation" vid_source="B140C669-9049-1B57-CC53-CF6B56650C03" vid_target="4285B786-B06B-1168-1606-A4C7A024B387">
<hideElementsInCurrentOnly>false</hideElementsInCurrentOnly>
<backgroundColor>-16777216</backgroundColor>
<lineWidth>1</lineWidth>
<points>
<point x="2232" y="847"/>
<point x="2232" y="890"/>
</points>
</Connector>
<Connector class="oracle.dbtools.crest.swingui.logical.TVRelation" oid="75729AC0-6264-BC8A-8881-FFBF9463D493" otype="Relation" vid_source="4FAACCA9-6ECA-1FBC-E50C-AAE3E72122EE" vid_target="314E78F0-1D20-4E24-B402-9BE23ABD94BF">
<hideElementsInCurrentOnly>false</hideElementsInCurrentOnly>
<backgroundColor>-16777216</backgroundColor>
<lineWidth>1</lineWidth>
<points>
<point x="2414" y="1298"/>
<point x="2414" y="1347"/>
</points>
</Connector>
<Connector class="oracle.dbtools.crest.swingui.logical.TVRelation" oid="78A69486-C20B-0F2A-2282-F49F747D39C6" otype="Relation" vid_source="C3C4FAD1-39C2-3D73-DB4F-614EE4812A5F" vid_target="B46D55BB-6E97-46A7-5387-D42BB3778C33">
<hideElementsInCurrentOnly>false</hideElementsInCurrentOnly>
<backgroundColor>-16777216</backgroundColor>
<lineWidth>1</lineWidth>
<points>
<point x="1371" y="1359"/>
<point x="1951" y="1359"/>
</points>
</Connector>
<Connector class="oracle.dbtools.crest.swingui.logical.TVRelation" oid="7BC29DE7-A7A1-BEB6-B1EF-7985F7610A34" otype="Relation" vid_source="822ED154-6CD8-0905-BAB3-4DF60EA9A3C8" vid_target="50EF8308-C079-2A97-E006-67B06DE7E6DC">
<hideElementsInCurrentOnly>false</hideElementsInCurrentOnly>
<backgroundColor>-16777216</backgroundColor>
<lineWidth>1</lineWidth>
<points>
<point x="1711" y="1535"/>
<point x="1711" y="1671"/>
</points>
</Connector>
<Connector class="oracle.dbtools.crest.swingui.logical.TVRelation" oid="7CEA49FE-C0FC-DA39-DA04-2CDE7117ED21" otype="Relation" vid_source="CC66497F-0B08-A6CE-393A-E6538EBFA9D9" vid_target="FD7ED9CE-661D-0EBA-72D1-A43B87678BB4">
<hideElementsInCurrentOnly>false</hideElementsInCurrentOnly>
<backgroundColor>-16777216</backgroundColor>
<lineWidth>1</lineWidth>
<points>
<point x="601" y="1131"/>
<point x="601" y="1214"/>
</points>
</Connector>
<Connector class="oracle.dbtools.crest.swingui.logical.TVRelation" oid="7D747DF6-7B4F-9C22-AA22-A3D27BC70CF2" otype="Relation" vid_source="1F94D918-0BE2-1A17-E7C1-574EAC3627C0" vid_target="C3C4FAD1-39C2-3D73-DB4F-614EE4812A5F">
<hideElementsInCurrentOnly>false</hideElementsInCurrentOnly>
<backgroundColor>-16777216</backgroundColor>
<lineWidth>1</lineWidth>
<points>
<point x="1440" y="1241"/>
<point x="1371" y="1241"/>
</points>
</Connector>
<Connector class="oracle.dbtools.crest.swingui.logical.TVRelation" oid="825DC028-2CC1-4417-6AF4-BA658912707F" otype="Relation" vid_source="1A4D3C9B-DCA3-02B6-F43D-374A07BD3BE6" vid_target="F73277DE-B58A-B28D-DF54-F6F9A86C6F91">
<hideElementsInCurrentOnly>false</hideElementsInCurrentOnly>
<backgroundColor>-16777216</backgroundColor>
<lineWidth>1</lineWidth>
<points>
<point x="1115" y="1148"/>
<point x="1115" y="1241"/>
</points>
</Connector>
<Connector class="oracle.dbtools.crest.swingui.logical.TVRelation" oid="86EC9B30-1C34-1822-8D6E-B53D516347FC" otype="Relation" vid_source="3C0ED07D-DFD2-E901-BF90-8F76B0662D1C" vid_target="FD7ED9CE-661D-0EBA-72D1-A43B87678BB4">
<hideElementsInCurrentOnly>false</hideElementsInCurrentOnly>
<backgroundColor>-16777216</backgroundColor>
<lineWidth>1</lineWidth>
<points>
<point x="694" y="802"/>
<point x="694" y="1214"/>
</points>
</Connector>
<Connector class="oracle.dbtools.crest.swingui.logical.TVRelation" oid="89A76C4A-F397-BBFF-83DF-949A8EB461AD" otype="Relation" vid_source="399B7547-50A4-1BBF-FBAF-0176B952745D" vid_target="314E78F0-1D20-4E24-B402-9BE23ABD94BF">
<hideElementsInCurrentOnly>false</hideElementsInCurrentOnly>
<backgroundColor>-16777216</backgroundColor>
<lineWidth>1</lineWidth>
<points>
<point x="2595" y="1364"/>
<point x="2513" y="1364"/>
</points>
</Connector>
<Connector class="oracle.dbtools.crest.swingui.logical.TVRelation" oid="8CD35FAC-FDEC-B857-307C-55A07F8C1631" otype="Relation" vid_source="822ED154-6CD8-0905-BAB3-4DF60EA9A3C8" vid_target="377AC68D-23AC-7CB3-E716-E71227C4E7E4">
<hideElementsInCurrentOnly>false</hideElementsInCurrentOnly>
<backgroundColor>-16777216</backgroundColor>
<lineWidth>1</lineWidth>
<points>
<point x="1630" y="1477"/>
<point x="1598" y="1477"/>
</points>
</Connector>
<Connector class="oracle.dbtools.crest.swingui.logical.TVRelation" oid="8EA184FF-3F01-1E77-1537-CBB6318D998F" otype="Relation" vid_source="3C0ED07D-DFD2-E901-BF90-8F76B0662D1C" vid_target="41920C48-B0C1-9352-AAFC-BC8EC3329D61">
<hideElementsInCurrentOnly>false</hideElementsInCurrentOnly>
<backgroundColor>-16777216</backgroundColor>
<lineWidth>1</lineWidth>
<points>
<point x="801" y="769"/>
<point x="1299" y="867"/>
</points>
</Connector>
<Connector class="oracle.dbtools.crest.swingui.logical.TVRelation" oid="913832B0-56B5-FAA2-1489-4358DDBD778E" otype="Relation" vid_source="C3C4FAD1-39C2-3D73-DB4F-614EE4812A5F" vid_target="1A4D3C9B-DCA3-02B6-F43D-374A07BD3BE6">
<hideElementsInCurrentOnly>false</hideElementsInCurrentOnly>
<backgroundColor>-16777216</backgroundColor>
<lineWidth>1</lineWidth>
<points>
<point x="1233" y="1235"/>
<point x="1233" y="1148"/>
</points>
</Connector>
<Connector class="oracle.dbtools.crest.swingui.logical.TVRelation" oid="91C6E94D-BEDF-AB7F-279F-7700EFC92B74" otype="Relation" vid_source="41920C48-B0C1-9352-AAFC-BC8EC3329D61" vid_target="EED1C363-32CD-FD1C-9C75-A273D79316D2">
<hideElementsInCurrentOnly>false</hideElementsInCurrentOnly>
<backgroundColor>-16777216</backgroundColor>
<lineWidth>1</lineWidth>
<points>
<point x="1371" y="810"/>
<point x="1371" y="796"/>
</points>
</Connector>
<Connector class="oracle.dbtools.crest.swingui.logical.TVRelation" oid="9592F27E-A185-9CEF-FAA4-F5740F5F766E" otype="Relation" vid_source="822ED154-6CD8-0905-BAB3-4DF60EA9A3C8" vid_target="B46D55BB-6E97-46A7-5387-D42BB3778C33">
<hideElementsInCurrentOnly>false</hideElementsInCurrentOnly>
<backgroundColor>-16777216</backgroundColor>
<lineWidth>1</lineWidth>
<points>
<point x="1865" y="1408"/>
<point x="1951" y="1408"/>
</points>
</Connector>
<Connector class="oracle.dbtools.crest.swingui.logical.TVRelation" oid="9C742738-E139-5045-F5F7-63678170E575" otype="Relation" vid_source="399B7547-50A4-1BBF-FBAF-0176B952745D" vid_target="4FAACCA9-6ECA-1FBC-E50C-AAE3E72122EE">
<hideElementsInCurrentOnly>false</hideElementsInCurrentOnly>
<backgroundColor>-16777216</backgroundColor>
<lineWidth>1</lineWidth>
<points>
<point x="2595" y="1252"/>
<point x="2536" y="1252"/>
</points>
</Connector>
<Connector class="oracle.dbtools.crest.swingui.logical.TVRelation" oid="A0DD5A3F-F9FE-B452-CA0C-52542B58E89F" otype="Relation" vid_source="21B6BFC2-DD1B-7920-F41F-DFE6E04B6FB8" vid_target="05218D9E-42F4-5E29-EDF7-1F20B3A1D458">
<hideElementsInCurrentOnly>false</hideElementsInCurrentOnly>
<backgroundColor>-16777216</backgroundColor>
<lineWidth>1</lineWidth>
<points>
<point x="506" y="472"/>
<point x="1018" y="472"/>
</points>
</Connector>
<Connector class="oracle.dbtools.crest.swingui.logical.TVRelation" oid="A150115C-52E2-7E7B-E7B0-26A9195A3138" otype="Relation" vid_source="3E445E6C-08B9-1B98-7B7C-8CB9DBEEF7AB" vid_target="1F94D918-0BE2-1A17-E7C1-574EAC3627C0">
<hideElementsInCurrentOnly>false</hideElementsInCurrentOnly>
<backgroundColor>-16777216</backgroundColor>
<lineWidth>1</lineWidth>
<points>
<point x="1526" y="1101"/>
<point x="1526" y="1138"/>
</points>
</Connector>
<Connector class="oracle.dbtools.crest.swingui.logical.TVRelation" oid="A31E1B6E-6EE6-7027-0336-DC1532FB1FFC" otype="Relation" vid_source="41920C48-B0C1-9352-AAFC-BC8EC3329D61" vid_target="C3C4FAD1-39C2-3D73-DB4F-614EE4812A5F">
<hideElementsInCurrentOnly>false</hideElementsInCurrentOnly>
<backgroundColor>-16777216</backgroundColor>
<lineWidth>1</lineWidth>
<points>
<point x="1350" y="959"/>
<point x="1350" y="1235"/>
</points>
</Connector>
<Connector class="oracle.dbtools.crest.swingui.logical.TVRelation" oid="A5317BCF-3942-9F6F-C4E9-FEFF4FFE0B04" otype="Relation" vid_source="1BF6C642-552F-49EB-B2F4-A581911E56AE" vid_target="41920C48-B0C1-9352-AAFC-BC8EC3329D61">
<hideElementsInCurrentOnly>false</hideElementsInCurrentOnly>
<backgroundColor>-16777216</backgroundColor>
<lineWidth>1</lineWidth>
<points>
<point x="1458" y="794"/>
<point x="1458" y="810"/>
</points>
</Connector>
<Connector class="oracle.dbtools.crest.swingui.logical.TVRelation" oid="A9564E4F-71A4-B930-B08F-B90F0DD011F9" otype="Relation" vid_source="1A4D3C9B-DCA3-02B6-F43D-374A07BD3BE6" vid_target="F73277DE-B58A-B28D-DF54-F6F9A86C6F91">
<hideElementsInCurrentOnly>false</hideElementsInCurrentOnly>
<backgroundColor>-16777216</backgroundColor>
<lineWidth>1</lineWidth>
<points>
<point x="1100" y="1148"/>
<point x="1100" y="1241"/>
</points>
</Connector>
<Connector class="oracle.dbtools.crest.swingui.logical.TVRelation" oid="ADB41582-029B-BA3D-B7E7-BF8578FAD6BD" otype="Relation" vid_source="C3C4FAD1-39C2-3D73-DB4F-614EE4812A5F" vid_target="FACB1763-9AB0-D399-BF56-1DD6BE229D70">
<hideElementsInCurrentOnly>false</hideElementsInCurrentOnly>
<backgroundColor>-16777216</backgroundColor>
<lineWidth>1</lineWidth>
<points>
<point x="1371" y="1283"/>
<point x="1642" y="1283"/>
</points>
</Connector>
<Connector class="oracle.dbtools.crest.swingui.logical.TVRelation" oid="AE1FC5AD-EFBD-57B5-8666-1528BA52073A" otype="Relation" vid_source="E3EE79E3-13ED-2E38-66A9-8AD3D0FC05F4" vid_target="AEE0B8EB-AF74-ECA5-BD34-2F7ADBC6D6E8">
<hideElementsInCurrentOnly>false</hideElementsInCurrentOnly>
<backgroundColor>-16777216</backgroundColor>
<lineWidth>1</lineWidth>
<points>
<point x="1818" y="541"/>
<point x="1765" y="541"/>
</points>
</Connector>
<Connector class="oracle.dbtools.crest.swingui.logical.TVRelation" oid="BDF81859-5EEE-3C60-4F73-A3F6D07EE1B1" otype="Relation" vid_source="B8D7EBAB-6D03-F626-94FC-FCD363256FBC" vid_target="5CF1EAEF-F2FA-BB8D-AED1-9329DBCA1547">
<hideElementsInCurrentOnly>false</hideElementsInCurrentOnly>
<backgroundColor>-16777216</backgroundColor>
<lineWidth>1</lineWidth>
<points>
<point x="553" y="1541"/>
<point x="834" y="1541"/>
</points>
</Connector>
<Connector class="oracle.dbtools.crest.swingui.logical.TVRelation" oid="C10E5680-1300-7298-2CCD-BDAD2AFF11F1" otype="Relation" vid_source="16FE2179-AA36-6FAB-E897-C328019C3E2D" vid_target="377AC68D-23AC-7CB3-E716-E71227C4E7E4">
<hideElementsInCurrentOnly>false</hideElementsInCurrentOnly>
<backgroundColor>-16777216</backgroundColor>
<lineWidth>1</lineWidth>
<points>
<point x="1493" y="1704"/>
<point x="1493" y="1609"/>
</points>
</Connector>
<Connector class="oracle.dbtools.crest.swingui.logical.TVRelation" oid="C2301AA2-720A-C842-0558-58BDF430F88B" otype="Relation" vid_source="0976C04D-9C70-2372-2F40-D78330DBDDF9" vid_target="B140C669-9049-1B57-CC53-CF6B56650C03">
<hideElementsInCurrentOnly>false</hideElementsInCurrentOnly>
<backgroundColor>-16777216</backgroundColor>
<lineWidth>1</lineWidth>
<points>
<point x="2011" y="780"/>
<point x="2089" y="780"/>
</points>
</Connector>
<Connector class="oracle.dbtools.crest.swingui.logical.TVRelation" oid="C54790ED-CAEA-595E-E7B6-5207F74DA87D" otype="Relation" vid_source="C3C4FAD1-39C2-3D73-DB4F-614EE4812A5F" vid_target="7EB9F043-4AAC-6DA5-4A22-2FDEB11301C4">
<hideElementsInCurrentOnly>false</hideElementsInCurrentOnly>
<backgroundColor>-16777216</backgroundColor>
<lineWidth>1</lineWidth>
<points>
<point x="1212" y="1406"/>
<point x="1212" y="1447"/>
</points>
</Connector>
<Connector class="oracle.dbtools.crest.swingui.logical.TVRelation" oid="C91AF093-14FE-997C-F82B-67F5E2977B43" otype="Relation" vid_source="21B6BFC2-DD1B-7920-F41F-DFE6E04B6FB8" vid_target="06CEFF51-F464-DF78-5014-CFCB93987399">
<hideElementsInCurrentOnly>false</hideElementsInCurrentOnly>
<backgroundColor>-16777216</backgroundColor>
<lineWidth>1</lineWidth>
<points>
<point x="506" y="565"/>
<point x="872" y="691"/>
</points>
</Connector>
<Connector class="oracle.dbtools.crest.swingui.logical.TVRelation" oid="CF1918C8-09FD-FE33-1A7C-F5AAF186DCF4" otype="Relation" vid_source="5869704E-4206-1125-A03C-3173493A10D0" vid_target="4BAB438A-AE7E-32C1-72ED-8724B3C11713">
<hideElementsInCurrentOnly>false</hideElementsInCurrentOnly>
<backgroundColor>-16777216</backgroundColor>
<lineWidth>1</lineWidth>
<points>
<point x="2038" y="1718"/>
<point x="2078" y="1718"/>
</points>
</Connector>
<Connector class="oracle.dbtools.crest.swingui.logical.TVRelation" oid="D286CE6C-125D-AFAE-5DA3-9BA21DDC1648" otype="Relation" vid_source="EED1C363-32CD-FD1C-9C75-A273D79316D2" vid_target="05218D9E-42F4-5E29-EDF7-1F20B3A1D458">
<hideElementsInCurrentOnly>false</hideElementsInCurrentOnly>
<backgroundColor>-16777216</backgroundColor>
<lineWidth>1</lineWidth>
<points>
<point x="1343" y="658"/>
<point x="1343" y="488"/>
</points>
</Connector>
<Connector class="oracle.dbtools.crest.swingui.logical.TVRelation" oid="DC17B5E1-8DB6-FED2-D60F-7C62683E2446" otype="Relation" vid_source="5869704E-4206-1125-A03C-3173493A10D0" vid_target="50EF8308-C079-2A97-E006-67B06DE7E6DC">
<hideElementsInCurrentOnly>false</hideElementsInCurrentOnly>
<backgroundColor>-16777216</backgroundColor>
<lineWidth>1</lineWidth>
<points>
<point x="1832" y="1725"/>
<point x="1793" y="1725"/>
</points>
</Connector>
<Connector class="oracle.dbtools.crest.swingui.logical.TVRelation" oid="E5756AB5-FFD3-4F57-AEE5-7A0788AEA0CD" otype="Relation" vid_source="1A4D3C9B-DCA3-02B6-F43D-374A07BD3BE6" vid_target="3E445E6C-08B9-1B98-7B7C-8CB9DBEEF7AB">
<hideElementsInCurrentOnly>false</hideElementsInCurrentOnly>
<backgroundColor>-16777216</backgroundColor>
<lineWidth>1</lineWidth>
<points>
<point x="1272" y="1046"/>
<point x="1442" y="1046"/>
</points>
</Connector>
<Connector class="oracle.dbtools.crest.swingui.logical.TVRelation" oid="EF266985-BDAA-4F91-A9B5-CEDAAC4BCF03" otype="Relation" vid_source="B140C669-9049-1B57-CC53-CF6B56650C03" vid_target="F013E29F-9632-F773-DB0A-61687C0C3878">
<hideElementsInCurrentOnly>false</hideElementsInCurrentOnly>
<backgroundColor>-16777216</backgroundColor>
<lineWidth>1</lineWidth>
<points>
<point x="2408" y="735"/>
<point x="2565" y="735"/>
</points>
</Connector>
<Connector class="oracle.dbtools.crest.swingui.logical.TVRelation" oid="F4196AB0-EB40-14D8-8F6B-EAA6873EE5CF" otype="Relation" vid_source="822ED154-6CD8-0905-BAB3-4DF60EA9A3C8" vid_target="8B5EE028-BAA9-D20A-264D-A8016FC9666E">
<hideElementsInCurrentOnly>false</hideElementsInCurrentOnly>
<backgroundColor>-16777216</backgroundColor>
<lineWidth>1</lineWidth>
<points>
<point x="1828" y="1368"/>
<point x="1828" y="1136"/>
</points>
</Connector>
<Connector class="oracle.dbtools.crest.swingui.logical.TVRelation" oid="F7E5971A-5142-5656-0580-419B5717D066" otype="Relation" vid_source="3C0ED07D-DFD2-E901-BF90-8F76B0662D1C" vid_target="21B6BFC2-DD1B-7920-F41F-DFE6E04B6FB8">
<hideElementsInCurrentOnly>false</hideElementsInCurrentOnly>
<backgroundColor>-16777216</backgroundColor>
<lineWidth>1</lineWidth>
<points>
<point x="611" y="691"/>
<point x="484" y="596"/>
</points>
</Connector>
<Connector class="oracle.dbtools.crest.swingui.logical.TVRelation" oid="F82EE87E-B4F4-D17B-3CDB-87F352343763" otype="Relation" vid_source="3C0ED07D-DFD2-E901-BF90-8F76B0662D1C" vid_target="423D50D9-E836-BB40-2B39-9FD252D2BAA0">
<hideElementsInCurrentOnly>false</hideElementsInCurrentOnly>
<backgroundColor>-16777216</backgroundColor>
<lineWidth>1</lineWidth>
<points>
<point x="773" y="802"/>
<point x="773" y="907"/>
</points>
</Connector>
<Connector class="oracle.dbtools.crest.swingui.logical.TVRelation" oid="F90E4638-6747-9ABB-1FD0-1CD7A8D3426E" otype="Relation" vid_source="F73277DE-B58A-B28D-DF54-F6F9A86C6F91" vid_target="C3C4FAD1-39C2-3D73-DB4F-614EE4812A5F">
<hideElementsInCurrentOnly>false</hideElementsInCurrentOnly>
<backgroundColor>-16777216</backgroundColor>
<lineWidth>1</lineWidth>
<points>
<point x="1119" y="1313"/>
<point x="1165" y="1313"/>
</points>
</Connector>
<Connector class="oracle.dbtools.crest.swingui.logical.TVRelation" oid="FD652F69-1A24-23A1-3661-1C69B4C3834F" otype="Relation" vid_source="1BF6C642-552F-49EB-B2F4-A581911E56AE" vid_target="AEE0B8EB-AF74-ECA5-BD34-2F7ADBC6D6E8">
<hideElementsInCurrentOnly>false</hideElementsInCurrentOnly>
<backgroundColor>-16777216</backgroundColor>
<lineWidth>1</lineWidth>
<points>
<point x="1558" y="662"/>
<point x="1558" y="633"/>
</points>
</Connector>
</connectors>
</Diagram>