<?xml version = '1.0' encoding = 'UTF-8'?>
<Entity class="oracle.dbtools.crest.model.design.logical.Entity" directorySegmentName="seg_0" id="23D6E45F-6CA9-1A50-9404-F087FC4729B4" name="Runway">
<createdBy>Win 11</createdBy>
<createdTime>2025-11-02 18:17:24 UTC</createdTime>
<ownerDesignName>Projekat49</ownerDesignName>
<engineerTo>
<item key="6A759D75-BBE5-DE80-5556-01771B179846" value="true"/>
</engineerTo>
<adequatelyNormalized>NO</adequatelyNormalized>
<expectedVolumes>0</expectedVolumes>
<fwdEngineeringStrategyName>Single Table</fwdEngineeringStrategyName>
<growthPercent>0</growthPercent>
<growthType>Year</growthType>
<maxVolumes>9999999</maxVolumes>
<minVolumes>0</minVolumes>
<normalForm>Third</normalForm>
<attributes itemClass="oracle.dbtools.crest.model.design.logical.Attribute">
<Attribute name="id" id="A11528C2-D756-516C-0637-6C98028B40A8">
<createdBy>Win 11</createdBy>
<createdTime>2025-11-02 18:17:41 UTC</createdTime>
<ownerDesignName>Projekat49</ownerDesignName>
<engineerTo>
<item key="6A759D75-BBE5-DE80-5556-01771B179846" value="true"/>
</engineerTo>
<useDomainConstraints>false</useDomainConstraints>
<use>1</use>
<logicalDatatype>LOGDT011</logicalDatatype>
<ownDataTypeParameters>,,</ownDataTypeParameters>
</Attribute>
<Attribute name="name" id="7FDB7991-752E-560F-F152-A8C73DF1318A">
<createdBy>Win 11</createdBy>
<createdTime>2025-11-02 18:17:49 UTC</createdTime>
<ownerDesignName>Projekat49</ownerDesignName>
<engineerTo>
<item key="6A759D75-BBE5-DE80-5556-01771B179846" value="true"/>
</engineerTo>
<useDomainConstraints>false</useDomainConstraints>
<use>1</use>
<logicalDatatype>LOGDT025</logicalDatatype>
<ownDataTypeParameters>,,</ownDataTypeParameters>
</Attribute>
<Attribute name="length" id="745FB48C-0ED5-EB55-8937-E5283C4D1B0B">
<createdBy>Win 11</createdBy>
<createdTime>2025-11-02 18:18:14 UTC</createdTime>
<ownerDesignName>Projekat49</ownerDesignName>
<engineerTo>
<item key="6A759D75-BBE5-DE80-5556-01771B179846" value="true"/>
</engineerTo>
<useDomainConstraints>false</useDomainConstraints>
<use>1</use>
<logicalDatatype>LOGDT021</logicalDatatype>
<ownDataTypeParameters>,,</ownDataTypeParameters>
</Attribute>
<Attribute name="status" id="F26A1375-9A62-C94B-665E-5D0220AFC4A6">
<createdBy>Win 11</createdBy>
<createdTime>2025-11-02 18:18:37 UTC</createdTime>
<ownerDesignName>Projekat49</ownerDesignName>
<engineerTo>
<item key="6A759D75-BBE5-DE80-5556-01771B179846" value="true"/>
</engineerTo>
<useDomainConstraints>false</useDomainConstraints>
<use>1</use>
<logicalDatatype>LOGDT006</logicalDatatype>
<dataTypeSize>1</dataTypeSize>
<ownDataTypeParameters>1,,</ownDataTypeParameters>
</Attribute>
<Attribute name="id1" id="21B36C4A-9FC3-937F-7D7C-46974411780E">
<createdBy>Win 11</createdBy>
<createdTime>2025-11-02 18:19:23 UTC</createdTime>
<generatorID>62B94F09-7D36-318F-CFD6-15E6B525823C</generatorID>
<ownerDesignName>Projekat49</ownerDesignName>
<engineerTo>
<item key="6A759D75-BBE5-DE80-5556-01771B179846" value="true"/>
</engineerTo>
<referedAttribute>675FEB1A-81F7-853F-039C-8CA8B4D62E8F</referedAttribute>
<useDomainConstraints>false</useDomainConstraints>
<use>1</use>
<logicalDatatype>LOGDT011</logicalDatatype>
<ownDataTypeParameters>,,</ownDataTypeParameters>
</Attribute>
</attributes>
<identifiers itemClass="oracle.dbtools.crest.model.design.logical.CandidateKey">
<identifier id="1DB0B0A3-6F76-D02F-C8B3-9C5D17885D15" name="Runway PK">
<createdBy>Win 11</createdBy>
<createdTime>2025-11-02 18:17:48 UTC</createdTime>
<ownerDesignName>Projekat49</ownerDesignName>
<engineerTo>
<item key="6A759D75-BBE5-DE80-5556-01771B179846" value="true"/>
</engineerTo>
<pk>true</pk>
<usedAttributes>
<attributeRef>A11528C2-D756-516C-0637-6C98028B40A8</attributeRef>
</usedAttributes>
</identifier>
</identifiers>
</Entity>