<?xml version = '1.0' encoding = 'UTF-8'?>
<Entity class="oracle.dbtools.crest.model.design.logical.Entity" directorySegmentName="seg_0" id="6F4983B3-F970-CF76-0E36-54FBF3DF6F63" name="Employee status">
<createdBy>Win 11</createdBy>
<createdTime>2025-11-02 16:57:49 UTC</createdTime>
<generatorID>FCC794AF-D553-9AB6-6938-6481CD10E1F1</generatorID>
<ownerDesignName>Projekat49</ownerDesignName>
<engineerTo>
<item key="6A759D75-BBE5-DE80-5556-01771B179846" value="true"/>
</engineerTo>
<adequatelyNormalized>NO</adequatelyNormalized>
<expectedVolumes>0</expectedVolumes>
<fwdEngineeringStrategyName>Single Table</fwdEngineeringStrategyName>
<growthPercent>0</growthPercent>
<growthType>Year</growthType>
<maxVolumes>9999999</maxVolumes>
<minVolumes>0</minVolumes>
<normalForm>Third</normalForm>
<attributes itemClass="oracle.dbtools.crest.model.design.logical.Attribute">
<Attribute name="id" id="C439C143-0B6E-FE8E-7D51-5618FEF5E553">
<createdBy>Win 11</createdBy>
<createdTime>2025-11-02 16:57:49 UTC</createdTime>
<generatorID>B92EAE3F-2EDC-1FAB-CA6C-A26351929EBC</generatorID>
<ownerDesignName>Projekat49</ownerDesignName>
<engineerTo>
<item key="6A759D75-BBE5-DE80-5556-01771B179846" value="true"/>
</engineerTo>
<useDomainConstraints>false</useDomainConstraints>
<use>1</use>
<logicalDatatype>LOGDT011</logicalDatatype>
<ownDataTypeParameters>,,</ownDataTypeParameters>
</Attribute>
<Attribute name="name" id="812521C6-FB87-5AEE-B8BF-313586C2F611">
<createdBy>Win 11</createdBy>
<createdTime>2025-11-02 16:57:49 UTC</createdTime>
<generatorID>05368A1D-2369-76E4-0B5C-5ABEF6CB7DBD</generatorID>
<ownerDesignName>Projekat49</ownerDesignName>
<engineerTo>
<item key="6A759D75-BBE5-DE80-5556-01771B179846" value="true"/>
</engineerTo>
<useDomainConstraints>false</useDomainConstraints>
<use>1</use>
<logicalDatatype>LOGDT024</logicalDatatype>
<dataTypeSize>name</dataTypeSize>
<ownDataTypeParameters>name,,</ownDataTypeParameters>
</Attribute>
</attributes>
<identifiers itemClass="oracle.dbtools.crest.model.design.logical.CandidateKey">
<identifier id="C5BD2795-7850-A081-D3AD-66DA11A1EFB9" name="Employee status PK">
<createdBy>Win 11</createdBy>
<createdTime>2025-11-02 16:57:49 UTC</createdTime>
<generatorID>53B4FD0E-5543-3D5C-5CCF-DE7F5C640164</generatorID>
<ownerDesignName>Projekat49</ownerDesignName>
<shouldEngineer>false</shouldEngineer>
<engineerTo>
<item key="6A759D75-BBE5-DE80-5556-01771B179846" value="false"/>
</engineerTo>
<pk>true</pk>
<usedAttributes>
<attributeRef>C439C143-0B6E-FE8E-7D51-5618FEF5E553</attributeRef>
</usedAttributes>
</identifier>
</identifiers>
</Entity>