<?xml version = '1.0' encoding = 'UTF-8'?>
<Entity class="oracle.dbtools.crest.model.design.logical.Entity" directorySegmentName="seg_0" id="B215D784-0687-4B8C-DE1B-6577F37D96F6" name="Reservation">
<createdBy>Win 11</createdBy>
<createdTime>2025-11-02 16:57:49 UTC</createdTime>
<generatorID>8471B8F9-30F0-3AA9-4820-1665503F90D5</generatorID>
<ownerDesignName>Projekat49</ownerDesignName>
<engineerTo>
<item key="6A759D75-BBE5-DE80-5556-01771B179846" value="true"/>
</engineerTo>
<adequatelyNormalized>NO</adequatelyNormalized>
<expectedVolumes>0</expectedVolumes>
<fwdEngineeringStrategyName>Single Table</fwdEngineeringStrategyName>
<growthPercent>0</growthPercent>
<growthType>Year</growthType>
<maxVolumes>9999999</maxVolumes>
<minVolumes>0</minVolumes>
<normalForm>Third</normalForm>
<attributes itemClass="oracle.dbtools.crest.model.design.logical.Attribute">
<Attribute name="id" id="F335DF90-0A5C-69D7-CD72-F0A89EF4CDDB">
<createdBy>Win 11</createdBy>
<createdTime>2025-11-02 16:57:49 UTC</createdTime>
<generatorID>3E16529A-0C8F-C588-84E5-0E8C904FA3B8</generatorID>
<ownerDesignName>Projekat49</ownerDesignName>
<engineerTo>
<item key="6A759D75-BBE5-DE80-5556-01771B179846" value="true"/>
</engineerTo>
<useDomainConstraints>false</useDomainConstraints>
<use>1</use>
<logicalDatatype>LOGDT011</logicalDatatype>
<ownDataTypeParameters>,,</ownDataTypeParameters>
</Attribute>
<Attribute name="booking date" id="0229F4C2-1E25-1FAA-C4DB-03BAE7EC1A19">
<createdBy>Win 11</createdBy>
<createdTime>2025-11-02 16:57:49 UTC</createdTime>
<generatorID>BDF9F906-257B-A249-0FF7-156A9DE97ED9</generatorID>
<ownerDesignName>Projekat49</ownerDesignName>
<engineerTo>
<item key="6A759D75-BBE5-DE80-5556-01771B179846" value="true"/>
</engineerTo>
<nullsAllowed>true</nullsAllowed>
<useDomainConstraints>false</useDomainConstraints>
<use>1</use>
<logicalDatatype>LOGDT007</logicalDatatype>
<ownDataTypeParameters>,,</ownDataTypeParameters>
</Attribute>
<Attribute name="status" id="CBEC6FE5-9283-0CBE-DE81-CBB2F1B417E1">
<createdBy>Win 11</createdBy>
<createdTime>2025-11-02 16:57:49 UTC</createdTime>
<generatorID>3BCED4B7-63A1-DB47-878A-9541D67A84CA</generatorID>
<ownerDesignName>Projekat49</ownerDesignName>
<engineerTo>
<item key="6A759D75-BBE5-DE80-5556-01771B179846" value="true"/>
</engineerTo>
<nullsAllowed>true</nullsAllowed>
<useDomainConstraints>false</useDomainConstraints>
<use>1</use>
<logicalDatatype>LOGDT024</logicalDatatype>
<dataTypeSize>30</dataTypeSize>
<ownDataTypeParameters>30,,</ownDataTypeParameters>
</Attribute>
<Attribute name="Flights id" id="316B9D30-A2EA-A139-43BC-5FB734A96781">
<createdBy>Win 11</createdBy>
<createdTime>2025-11-02 16:57:49 UTC</createdTime>
<generatorID>42813DB4-DA34-CD44-F1D9-A566D3BA4DB9</generatorID>
<ownerDesignName>Projekat49</ownerDesignName>
<engineerTo>
<item key="6A759D75-BBE5-DE80-5556-01771B179846" value="true"/>
</engineerTo>
<referedAttribute>BB78664C-4859-DF6E-27AD-59E4E6EECE1A</referedAttribute>
<useDomainConstraints>false</useDomainConstraints>
<use>1</use>
<logicalDatatype>LOGDT011</logicalDatatype>
<ownDataTypeParameters>,,</ownDataTypeParameters>
</Attribute>
<Attribute name="main passenger id" id="B42FE08C-79A7-8710-9CB3-53C333B6404D">
<createdBy>Win 11</createdBy>
<createdTime>2025-11-02 16:57:49 UTC</createdTime>
<generatorID>225BBCFD-5DAF-A357-EB41-E8DD9E204A15</generatorID>
<ownerDesignName>Projekat49</ownerDesignName>
<engineerTo>
<item key="6A759D75-BBE5-DE80-5556-01771B179846" value="true"/>
</engineerTo>
<useDomainConstraints>false</useDomainConstraints>
<use>1</use>
<logicalDatatype>LOGDT011</logicalDatatype>
<ownDataTypeParameters>,,</ownDataTypeParameters>
</Attribute>
</attributes>
<identifiers itemClass="oracle.dbtools.crest.model.design.logical.CandidateKey">
<identifier id="A343D2A0-418D-7B8C-2A32-D8C3F2CFFECD" name="Reservation PK">
<createdBy>Win 11</createdBy>
<createdTime>2025-11-02 16:57:49 UTC</createdTime>
<generatorID>3A5E5DC2-98C4-D87F-17AD-5B2C1E7BBF6B</generatorID>
<ownerDesignName>Projekat49</ownerDesignName>
<shouldEngineer>false</shouldEngineer>
<engineerTo>
<item key="6A759D75-BBE5-DE80-5556-01771B179846" value="false"/>
</engineerTo>
<pk>true</pk>
<usedAttributes>
<attributeRef>F335DF90-0A5C-69D7-CD72-F0A89EF4CDDB</attributeRef>
</usedAttributes>
</identifier>
</identifiers>
</Entity>