<?xml version = '1.0' encoding = 'UTF-8'?>
<Entity class="oracle.dbtools.crest.model.design.logical.Entity" directorySegmentName="seg_0" id="D0FA8BF5-463C-E6AD-17AF-FC9F64FE04FC" name="Pilot">
<createdBy>Win 11</createdBy>
<createdTime>2025-11-02 17:48:04 UTC</createdTime>
<ownerDesignName>Projekat49</ownerDesignName>
<engineerTo>
<item key="6A759D75-BBE5-DE80-5556-01771B179846" value="true"/>
</engineerTo>
<adequatelyNormalized>NO</adequatelyNormalized>
<expectedVolumes>0</expectedVolumes>
<fwdEngineeringStrategyName>Single Table</fwdEngineeringStrategyName>
<growthPercent>0</growthPercent>
<growthType>Year</growthType>
<maxVolumes>9999999</maxVolumes>
<minVolumes>0</minVolumes>
<normalForm>Third</normalForm>
<attributes itemClass="oracle.dbtools.crest.model.design.logical.Attribute">
<Attribute name="id" id="AFE4535B-6C8C-CEA1-1863-9C12C1F52F5C">
<createdBy>Win 11</createdBy>
<createdTime>2025-11-02 18:06:45 UTC</createdTime>
<ownerDesignName>Projekat49</ownerDesignName>
<engineerTo>
<item key="6A759D75-BBE5-DE80-5556-01771B179846" value="true"/>
</engineerTo>
<useDomainConstraints>false</useDomainConstraints>
<use>1</use>
<logicalDatatype>LOGDT011</logicalDatatype>
<ownDataTypeParameters>,,</ownDataTypeParameters>
</Attribute>
<Attribute name="license_number" id="D337FB6D-9743-1DB3-4024-D48FB3ED5A92">
<createdBy>Win 11</createdBy>
<createdTime>2025-11-02 17:49:24 UTC</createdTime>
<ownerDesignName>Projekat49</ownerDesignName>
<engineerTo>
<item key="6A759D75-BBE5-DE80-5556-01771B179846" value="true"/>
</engineerTo>
<useDomainConstraints>false</useDomainConstraints>
<use>1</use>
<logicalDatatype>LOGDT011</logicalDatatype>
<ownDataTypeParameters>,,</ownDataTypeParameters>
</Attribute>
<Attribute name="hours flown" id="D760812C-5707-F039-4DBA-2DDFBCE60285">
<createdBy>Win 11</createdBy>
<createdTime>2025-11-02 17:49:57 UTC</createdTime>
<ownerDesignName>Projekat49</ownerDesignName>
<engineerTo>
<item key="6A759D75-BBE5-DE80-5556-01771B179846" value="true"/>
</engineerTo>
<useDomainConstraints>false</useDomainConstraints>
<use>1</use>
<logicalDatatype>LOGDT021</logicalDatatype>
<ownDataTypeParameters>,,</ownDataTypeParameters>
</Attribute>
<Attribute name="id1" id="F81EBDF8-4BFA-4629-9B97-2BA44511B633">
<createdBy>Win 11</createdBy>
<createdTime>2025-11-02 18:25:13 UTC</createdTime>
<generatorID>6000E522-929F-1775-3A26-8B1FE5183E5D</generatorID>
<ownerDesignName>Projekat49</ownerDesignName>
<engineerTo>
<item key="6A759D75-BBE5-DE80-5556-01771B179846" value="true"/>
</engineerTo>
<referedAttribute>4F16750B-C337-F9B7-7BD1-9D0A1E89F49D</referedAttribute>
<useDomainConstraints>false</useDomainConstraints>
<use>1</use>
<logicalDatatype>LOGDT011</logicalDatatype>
<ownDataTypeParameters>,,</ownDataTypeParameters>
</Attribute>
</attributes>
<identifiers itemClass="oracle.dbtools.crest.model.design.logical.CandidateKey">
<identifier id="FB0D7B36-378A-CBEB-E4A8-AF872E1C0D53" name="Pilot PK">
<createdBy>Win 11</createdBy>
<createdTime>2025-11-02 17:49:17 UTC</createdTime>
<ownerDesignName>Projekat49</ownerDesignName>
<engineerTo>
<item key="6A759D75-BBE5-DE80-5556-01771B179846" value="true"/>
</engineerTo>
<pk>true</pk>
<usedAttributes>
<attributeRef>AFE4535B-6C8C-CEA1-1863-9C12C1F52F5C</attributeRef>
</usedAttributes>
</identifier>
</identifiers>
</Entity>