<?xml version = '1.0' encoding = 'UTF-8'?>
<Entity class="oracle.dbtools.crest.model.design.logical.Entity" directorySegmentName="seg_0" id="E01BA641-4D23-03D9-9C6D-F4DAB28E0CE8" name="Extra baggage">
<createdBy>Win 11</createdBy>
<createdTime>2025-11-02 17:07:01 UTC</createdTime>
<ownerDesignName>Projekat49</ownerDesignName>
<engineerTo>
<item key="6A759D75-BBE5-DE80-5556-01771B179846" value="true"/>
</engineerTo>
<adequatelyNormalized>NO</adequatelyNormalized>
<expectedVolumes>0</expectedVolumes>
<fwdEngineeringStrategyName>Single Table</fwdEngineeringStrategyName>
<growthPercent>0</growthPercent>
<growthType>Year</growthType>
<maxVolumes>9999999</maxVolumes>
<minVolumes>0</minVolumes>
<normalForm>Third</normalForm>
<attributes itemClass="oracle.dbtools.crest.model.design.logical.Attribute">
<Attribute name="id" id="36BB0656-1504-1806-A953-4EC007DE5A38">
<createdBy>Win 11</createdBy>
<createdTime>2025-11-02 17:07:37 UTC</createdTime>
<ownerDesignName>Projekat49</ownerDesignName>
<engineerTo>
<item key="6A759D75-BBE5-DE80-5556-01771B179846" value="true"/>
</engineerTo>
<useDomainConstraints>false</useDomainConstraints>
<use>1</use>
<logicalDatatype>LOGDT011</logicalDatatype>
<ownDataTypeParameters>,,</ownDataTypeParameters>
</Attribute>
<Attribute name="weight kg" id="4E6C23AB-0BEF-4C43-0F8F-9B769D448430">
<createdBy>Win 11</createdBy>
<createdTime>2025-11-02 17:08:11 UTC</createdTime>
<ownerDesignName>Projekat49</ownerDesignName>
<engineerTo>
<item key="6A759D75-BBE5-DE80-5556-01771B179846" value="true"/>
</engineerTo>
<useDomainConstraints>false</useDomainConstraints>
<use>1</use>
<logicalDatatype>LOGDT021</logicalDatatype>
<ownDataTypeParameters>,,</ownDataTypeParameters>
</Attribute>
<Attribute name="id1" id="758A259F-37DE-FEB2-498E-7916112B8CFB">
<createdBy>Win 11</createdBy>
<createdTime>2025-11-02 17:09:27 UTC</createdTime>
<generatorID>75729AC0-6264-BC8A-8881-FFBF9463D493</generatorID>
<ownerDesignName>Projekat49</ownerDesignName>
<engineerTo>
<item key="6A759D75-BBE5-DE80-5556-01771B179846" value="true"/>
</engineerTo>
<referedAttribute>8597C2B8-4045-BB11-7588-61B0BC8D6DF5</referedAttribute>
<useDomainConstraints>false</useDomainConstraints>
<use>1</use>
<logicalDatatype>LOGDT011</logicalDatatype>
<ownDataTypeParameters>,,</ownDataTypeParameters>
</Attribute>
<Attribute name="extra fee" id="7DE8F829-87F9-B8CD-98E5-29C4DD8163AA">
<createdBy>Win 11</createdBy>
<createdTime>2025-11-02 17:10:30 UTC</createdTime>
<ownerDesignName>Projekat49</ownerDesignName>
<engineerTo>
<item key="6A759D75-BBE5-DE80-5556-01771B179846" value="true"/>
</engineerTo>
<useDomainConstraints>false</useDomainConstraints>
<use>1</use>
<logicalDatatype>LOGDT021</logicalDatatype>
<ownDataTypeParameters>,,</ownDataTypeParameters>
</Attribute>
<Attribute name="id2" id="A4CE2827-C37E-30D1-7D5D-879ECEA2300F">
<createdBy>Win 11</createdBy>
<createdTime>2025-11-02 17:12:14 UTC</createdTime>
<generatorID>89A76C4A-F397-BBFF-83DF-949A8EB461AD</generatorID>
<ownerDesignName>Projekat49</ownerDesignName>
<engineerTo>
<item key="6A759D75-BBE5-DE80-5556-01771B179846" value="true"/>
</engineerTo>
<referedAttribute>63769779-2AE8-E937-2935-959DC4B28700</referedAttribute>
<useDomainConstraints>false</useDomainConstraints>
<use>1</use>
<logicalDatatype>LOGDT011</logicalDatatype>
<ownDataTypeParameters>,,</ownDataTypeParameters>
</Attribute>
</attributes>
<identifiers itemClass="oracle.dbtools.crest.model.design.logical.CandidateKey">
<identifier id="C1B59EA5-30D5-8565-68EE-012BB117D39A" name="Extra baggage PK">
<createdBy>Win 11</createdBy>
<createdTime>2025-11-02 17:07:45 UTC</createdTime>
<ownerDesignName>Projekat49</ownerDesignName>
<engineerTo>
<item key="6A759D75-BBE5-DE80-5556-01771B179846" value="true"/>
</engineerTo>
<pk>true</pk>
<usedAttributes>
<attributeRef>36BB0656-1504-1806-A953-4EC007DE5A38</attributeRef>
</usedAttributes>
</identifier>
</identifiers>
</Entity>