<?xml version = '1.0' encoding = 'UTF-8'?>
<Table class="oracle.dbtools.crest.model.design.relational.Table" directorySegmentName="seg_0" id="049487DB-E515-2694-A3E6-2605861A9585" name="Payment_status">
<createdBy>viden</createdBy>
<createdTime>2025-10-27 00:37:39 UTC</createdTime>
<ownerDesignName>Projekat49</ownerDesignName>
<ordsAlias>table_34</ordsAlias>
<allowColumnReorder>false</allowColumnReorder>
<existDependencyGenerateInDDl>true</existDependencyGenerateInDDl>
<parsed>true</parsed>
<columns itemClass="oracle.dbtools.crest.model.design.relational.Column">
<Column name="id" id="76638EC0-4050-3BDD-F112-5BC954B3C1B1">
<createdBy>viden</createdBy>
<createdTime>2025-10-27 00:39:05 UTC</createdTime>
<ownerDesignName>Projekat49</ownerDesignName>
<useDomainConstraints>false</useDomainConstraints>
<use>1</use>
<logicalDatatype>LOGDT011</logicalDatatype>
<ownDataTypeParameters>,,</ownDataTypeParameters>
<autoIncrementCycle>false</autoIncrementCycle>
</Column>
<Column name="name" id="E8FCDBA1-A4F3-F25B-A82D-D898DD60D963">
<createdBy>viden</createdBy>
<createdTime>2025-10-27 00:39:05 UTC</createdTime>
<ownerDesignName>Projekat49</ownerDesignName>
<nullsAllowed>true</nullsAllowed>
<useDomainConstraints>false</useDomainConstraints>
<use>1</use>
<logicalDatatype>LOGDT024</logicalDatatype>
<dataTypeSize>10</dataTypeSize>
<ownDataTypeParameters>10,,</ownDataTypeParameters>
<autoIncrementCycle>false</autoIncrementCycle>
</Column>
</columns>
<indexes itemClass="oracle.dbtools.crest.model.design.relational.Index">
<ind_PK_UK id="A1581DA3-4102-6FDF-0602-AC64A964A226" name="Payment_status_PK">
<createdBy>viden</createdBy>
<createdTime>2025-10-27 00:39:05 UTC</createdTime>
<ownerDesignName>Projekat49</ownerDesignName>
<pk>true</pk>
<indexState>Primary Constraint</indexState>
<isSurrogateKey>false</isSurrogateKey>
<indexColumnUsage>
<colUsage columnID="76638EC0-4050-3BDD-F112-5BC954B3C1B1"/>
</indexColumnUsage>
</ind_PK_UK>
</indexes>
</Table>