<?xml version = '1.0' encoding = 'UTF-8'?>
<Table class="oracle.dbtools.crest.model.design.relational.Table" directorySegmentName="seg_0" id="0ACD202B-E709-4873-B212-F1D31DD2F33A" name="Payments">
<createdBy>viden</createdBy>
<createdTime>2025-10-20 01:53:07 UTC</createdTime>
<ownerDesignName>Projekat49</ownerDesignName>
<ordsAlias>table_22</ordsAlias>
<allowColumnReorder>false</allowColumnReorder>
<existDependencyGenerateInDDl>true</existDependencyGenerateInDDl>
<parsed>true</parsed>
<columns itemClass="oracle.dbtools.crest.model.design.relational.Column">
<Column name="id" id="A16781FC-D104-501F-FE0F-FD5FD69FB797">
<createdBy>viden</createdBy>
<createdTime>2025-10-20 01:55:42 UTC</createdTime>
<ownerDesignName>Projekat49</ownerDesignName>
<useDomainConstraints>false</useDomainConstraints>
<use>1</use>
<logicalDatatype>LOGDT011</logicalDatatype>
<ownDataTypeParameters>,,</ownDataTypeParameters>
<autoIncrementCycle>false</autoIncrementCycle>
</Column>
<Column name="amount" id="C4AC7A13-7859-AA9B-1515-9A6869C35955">
<createdBy>viden</createdBy>
<createdTime>2025-10-20 01:55:42 UTC</createdTime>
<ownerDesignName>Projekat49</ownerDesignName>
<useDomainConstraints>false</useDomainConstraints>
<use>1</use>
<logicalDatatype>LOGDT026</logicalDatatype>
<ownDataTypeParameters>,,</ownDataTypeParameters>
<autoIncrementCycle>false</autoIncrementCycle>
</Column>
<Column name="payment_date" id="5EDF008D-C15D-0E11-2103-377C98E242BC">
<createdBy>viden</createdBy>
<createdTime>2025-10-20 01:55:42 UTC</createdTime>
<ownerDesignName>Projekat49</ownerDesignName>
<useDomainConstraints>false</useDomainConstraints>
<use>1</use>
<logicalDatatype>LOGDT008</logicalDatatype>
<ownDataTypeParameters>,,</ownDataTypeParameters>
<autoIncrementCycle>false</autoIncrementCycle>
</Column>
<Column name="status" id="33A6435E-675B-9240-DF3C-EE60E3608238">
<createdBy>viden</createdBy>
<createdTime>2025-10-20 01:59:08 UTC</createdTime>
<ownerDesignName>Projekat49</ownerDesignName>
<useDomainConstraints>false</useDomainConstraints>
<use>1</use>
<logicalDatatype>LOGDT024</logicalDatatype>
<dataTypeSize>15</dataTypeSize>
<ownDataTypeParameters>15,,</ownDataTypeParameters>
<autoIncrementCycle>false</autoIncrementCycle>
</Column>
<Column name="Currencies_id" id="27BC0E91-C379-9211-064C-E72B196A3569">
<createdBy>viden</createdBy>
<createdTime>2025-10-20 01:59:14 UTC</createdTime>
<ownerDesignName>Projekat49</ownerDesignName>
<useDomainConstraints>false</useDomainConstraints>
<use>1</use>
<logicalDatatype>LOGDT011</logicalDatatype>
<ownDataTypeParameters>,,</ownDataTypeParameters>
<previousColumn>false</previousColumn>
<autoIncrementCycle>false</autoIncrementCycle>
<associations>
<colAssociation fkAssociation="C4A475B6-3164-B016-05C3-14DC8038ADF9" referredColumn="2125FA08-8A99-F8E8-3380-C8FC08E17A56"/>
</associations>
</Column>
<Column name="Payment_method_id" id="65B04BE9-6C96-883A-24F3-F1FCE1AA74ED">
<createdBy>viden</createdBy>
<createdTime>2025-10-20 01:59:27 UTC</createdTime>
<ownerDesignName>Projekat49</ownerDesignName>
<useDomainConstraints>false</useDomainConstraints>
<use>1</use>
<logicalDatatype>LOGDT011</logicalDatatype>
<ownDataTypeParameters>,,</ownDataTypeParameters>
<previousColumn>false</previousColumn>
<autoIncrementCycle>false</autoIncrementCycle>
<associations>
<colAssociation fkAssociation="F566853C-CDD8-9117-171D-2B71A8497451" referredColumn="8BD635DC-8639-410D-A61A-94BF02ED7862"/>
</associations>
</Column>
<Column name="Reservation_id" id="F72C01DF-B826-726F-2FB2-85197AF516C7">
<createdBy>viden</createdBy>
<createdTime>2025-10-20 02:02:04 UTC</createdTime>
<ownerDesignName>Projekat49</ownerDesignName>
<nullsAllowed>true</nullsAllowed>
<useDomainConstraints>false</useDomainConstraints>
<use>1</use>
<logicalDatatype>LOGDT011</logicalDatatype>
<ownDataTypeParameters>,,</ownDataTypeParameters>
<previousColumn>false</previousColumn>
<autoIncrementCycle>false</autoIncrementCycle>
<associations>
<colAssociation fkAssociation="257A243F-A24C-0C39-7CB9-14754D82FB77" referredColumn="3E16529A-0C8F-C588-84E5-0E8C904FA3B8"/>
</associations>
</Column>
<Column name="Payment_status_id" id="AD8BB846-BE4F-5609-12CB-73B06F041ADC">
<createdBy>viden</createdBy>
<createdTime>2025-10-27 00:39:19 UTC</createdTime>
<ownerDesignName>Projekat49</ownerDesignName>
<useDomainConstraints>false</useDomainConstraints>
<use>1</use>
<logicalDatatype>LOGDT011</logicalDatatype>
<ownDataTypeParameters>,,</ownDataTypeParameters>
<previousColumn>false</previousColumn>
<autoIncrementCycle>false</autoIncrementCycle>
<associations>
<colAssociation fkAssociation="59A5F757-81A7-3574-4007-FE404A50FEBF" referredColumn="76638EC0-4050-3BDD-F112-5BC954B3C1B1"/>
</associations>
</Column>
</columns>
<indexes itemClass="oracle.dbtools.crest.model.design.relational.Index">
<ind_PK_UK id="AC7B7F1A-9E2E-66ED-CC0F-32EAF70C0B56" name="Payments_PK">
<createdBy>viden</createdBy>
<createdTime>2025-10-20 01:55:42 UTC</createdTime>
<ownerDesignName>Projekat49</ownerDesignName>
<pk>true</pk>
<indexState>Primary Constraint</indexState>
<isSurrogateKey>false</isSurrogateKey>
<indexColumnUsage>
<colUsage columnID="A16781FC-D104-501F-FE0F-FD5FD69FB797"/>
</indexColumnUsage>
</ind_PK_UK>
<ind_PK_UK id="F03EC92A-1BEB-10FF-E0F3-907303F12A74" name="Payments_Currencies_FK">
<createdBy>viden</createdBy>
<createdTime>2025-10-20 01:59:14 UTC</createdTime>
<ownerDesignName>Projekat49</ownerDesignName>
<indexState>Foreign Key</indexState>
<isSurrogateKey>false</isSurrogateKey>
<indexColumnUsage>
<colUsage columnID="27BC0E91-C379-9211-064C-E72B196A3569"/>
</indexColumnUsage>
</ind_PK_UK>
<ind_PK_UK id="0A352258-3C3D-D6DF-D285-A34D67D717DD" name="Payments_Payment_method_FK">
<createdBy>viden</createdBy>
<createdTime>2025-10-20 01:59:27 UTC</createdTime>
<ownerDesignName>Projekat49</ownerDesignName>
<indexState>Foreign Key</indexState>
<isSurrogateKey>false</isSurrogateKey>
<indexColumnUsage>
<colUsage columnID="65B04BE9-6C96-883A-24F3-F1FCE1AA74ED"/>
</indexColumnUsage>
</ind_PK_UK>
<ind_PK_UK id="2512E3FD-EDC4-44CB-0524-48BB2941F305" name="Payments_Reservation_FK">
<createdBy>viden</createdBy>
<createdTime>2025-10-20 02:02:04 UTC</createdTime>
<ownerDesignName>Projekat49</ownerDesignName>
<indexState>Foreign Key</indexState>
<isSurrogateKey>false</isSurrogateKey>
<indexColumnUsage>
<colUsage columnID="F72C01DF-B826-726F-2FB2-85197AF516C7"/>
</indexColumnUsage>
</ind_PK_UK>
<ind_PK_UK id="EF7DEFCA-BFC4-BF0F-5DAF-216758E500A8" name="Payments_Payment_status_FK">
<createdBy>viden</createdBy>
<createdTime>2025-10-27 00:39:19 UTC</createdTime>
<ownerDesignName>Projekat49</ownerDesignName>
<indexState>Foreign Key</indexState>
<isSurrogateKey>false</isSurrogateKey>
<indexColumnUsage>
<colUsage columnID="AD8BB846-BE4F-5609-12CB-73B06F041ADC"/>
</indexColumnUsage>
</ind_PK_UK>
</indexes>
</Table>