<?xml version = '1.0' encoding = 'UTF-8'?>
<Table class="oracle.dbtools.crest.model.design.relational.Table" directorySegmentName="seg_0" id="14406055-AEA1-C233-225C-A2AF5AB064F6" name="Passengers">
<createdBy>User</createdBy>
<createdTime>2025-10-07 12:45:44 UTC</createdTime>
<ownerDesignName>Projekat49</ownerDesignName>
<ordsAlias>table_25</ordsAlias>
<allowColumnReorder>false</allowColumnReorder>
<existDependencyGenerateInDDl>true</existDependencyGenerateInDDl>
<parsed>true</parsed>
<columns itemClass="oracle.dbtools.crest.model.design.relational.Column">
<Column name="id" id="1EEB7808-D5BE-B2BD-1E5D-72659C43FE25">
<createdBy>User</createdBy>
<createdTime>2025-10-07 12:46:16 UTC</createdTime>
<ownerDesignName>Projekat49</ownerDesignName>
<useDomainConstraints>false</useDomainConstraints>
<use>1</use>
<logicalDatatype>LOGDT011</logicalDatatype>
<ownDataTypeParameters>,,</ownDataTypeParameters>
<autoIncrementCycle>false</autoIncrementCycle>
</Column>
<Column name="first_name" id="4845182E-34A4-A6A3-5FBD-FEF0A07B7910">
<createdBy>User</createdBy>
<createdTime>2025-10-07 12:46:16 UTC</createdTime>
<ownerDesignName>Projekat49</ownerDesignName>
<nullsAllowed>true</nullsAllowed>
<useDomainConstraints>false</useDomainConstraints>
<use>1</use>
<logicalDatatype>LOGDT024</logicalDatatype>
<dataTypeSize>50</dataTypeSize>
<ownDataTypeParameters>50,,</ownDataTypeParameters>
<autoIncrementCycle>false</autoIncrementCycle>
</Column>
<Column name="last_name" id="8AFF83C9-A72F-88CD-8325-CEDA1A0F1C4C">
<createdBy>User</createdBy>
<createdTime>2025-10-07 12:47:03 UTC</createdTime>
<ownerDesignName>Projekat49</ownerDesignName>
<nullsAllowed>true</nullsAllowed>
<useDomainConstraints>false</useDomainConstraints>
<use>1</use>
<logicalDatatype>LOGDT024</logicalDatatype>
<dataTypeSize>50</dataTypeSize>
<ownDataTypeParameters>50,,</ownDataTypeParameters>
<autoIncrementCycle>false</autoIncrementCycle>
</Column>
<Column name="passport_number" id="A118D2E1-FE67-09CF-0CED-285CABC85751">
<createdBy>User</createdBy>
<createdTime>2025-10-07 12:47:03 UTC</createdTime>
<ownerDesignName>Projekat49</ownerDesignName>
<nullsAllowed>true</nullsAllowed>
<useDomainConstraints>false</useDomainConstraints>
<use>1</use>
<logicalDatatype>LOGDT024</logicalDatatype>
<dataTypeSize>20</dataTypeSize>
<ownDataTypeParameters>20,,</ownDataTypeParameters>
<autoIncrementCycle>false</autoIncrementCycle>
</Column>
<Column name="birth_date" id="48F43E8C-853E-5CD5-DA2E-DE4DA6912AAB">
<createdBy>User</createdBy>
<createdTime>2025-10-07 12:47:03 UTC</createdTime>
<ownerDesignName>Projekat49</ownerDesignName>
<nullsAllowed>true</nullsAllowed>
<useDomainConstraints>false</useDomainConstraints>
<use>1</use>
<logicalDatatype>LOGDT007</logicalDatatype>
<ownDataTypeParameters>,,</ownDataTypeParameters>
<autoIncrementCycle>false</autoIncrementCycle>
</Column>
</columns>
<indexes itemClass="oracle.dbtools.crest.model.design.relational.Index">
<ind_PK_UK id="74445623-66ED-6254-9017-F0BF49D1BBDE" name="Passengers_PK">
<createdBy>User</createdBy>
<createdTime>2025-10-07 12:46:16 UTC</createdTime>
<ownerDesignName>Projekat49</ownerDesignName>
<pk>true</pk>
<indexState>Primary Constraint</indexState>
<isSurrogateKey>false</isSurrogateKey>
<indexColumnUsage>
<colUsage columnID="1EEB7808-D5BE-B2BD-1E5D-72659C43FE25"/>
</indexColumnUsage>
</ind_PK_UK>
</indexes>
</Table>