<?xml version = '1.0' encoding = 'UTF-8'?>
<Table class="oracle.dbtools.crest.model.design.relational.Table" directorySegmentName="seg_0" id="2203D13D-4D49-2F53-7F40-38E8E348DE56" name="FuelRecord">
<createdBy>viden</createdBy>
<createdTime>2025-10-20 01:45:27 UTC</createdTime>
<ownerDesignName>Projekat49</ownerDesignName>
<ordsAlias>table_21</ordsAlias>
<allowColumnReorder>false</allowColumnReorder>
<existDependencyGenerateInDDl>true</existDependencyGenerateInDDl>
<parsed>true</parsed>
<columns itemClass="oracle.dbtools.crest.model.design.relational.Column">
<Column name="id" id="453519BF-D8E3-E13F-E2DC-5FCD52744A1F">
<createdBy>viden</createdBy>
<createdTime>2025-10-20 01:49:11 UTC</createdTime>
<ownerDesignName>Projekat49</ownerDesignName>
<useDomainConstraints>false</useDomainConstraints>
<use>1</use>
<logicalDatatype>LOGDT011</logicalDatatype>
<ownDataTypeParameters>,,</ownDataTypeParameters>
<autoIncrementCycle>false</autoIncrementCycle>
</Column>
<Column name="amount_in_liters" id="9AA8A387-6E16-657D-3923-F6EE0D7BC896">
<createdBy>viden</createdBy>
<createdTime>2025-10-20 01:49:11 UTC</createdTime>
<ownerDesignName>Projekat49</ownerDesignName>
<useDomainConstraints>false</useDomainConstraints>
<use>1</use>
<logicalDatatype>LOGDT026</logicalDatatype>
<dataTypePrecision>2</dataTypePrecision>
<ownDataTypeParameters>,2,</ownDataTypeParameters>
<autoIncrementCycle>false</autoIncrementCycle>
</Column>
<Column name="fuel_type" id="1A4D00BE-B867-E5FC-735B-A23D261EB639">
<createdBy>viden</createdBy>
<createdTime>2025-10-20 01:49:11 UTC</createdTime>
<ownerDesignName>Projekat49</ownerDesignName>
<useDomainConstraints>false</useDomainConstraints>
<use>1</use>
<logicalDatatype>LOGDT024</logicalDatatype>
<dataTypeSize>50</dataTypeSize>
<ownDataTypeParameters>50,,</ownDataTypeParameters>
<autoIncrementCycle>false</autoIncrementCycle>
</Column>
<Column name="cost" id="3B508905-1169-1069-3668-786CF6C0CAB2">
<createdBy>viden</createdBy>
<createdTime>2025-10-20 01:49:11 UTC</createdTime>
<ownerDesignName>Projekat49</ownerDesignName>
<useDomainConstraints>false</useDomainConstraints>
<use>1</use>
<logicalDatatype>LOGDT026</logicalDatatype>
<dataTypePrecision>2</dataTypePrecision>
<ownDataTypeParameters>,2,</ownDataTypeParameters>
<autoIncrementCycle>false</autoIncrementCycle>
</Column>
<Column name="refuel_date" id="5230869C-6D32-76BF-D6BF-A57469986FFF">
<createdBy>viden</createdBy>
<createdTime>2025-10-20 01:49:11 UTC</createdTime>
<ownerDesignName>Projekat49</ownerDesignName>
<useDomainConstraints>false</useDomainConstraints>
<use>1</use>
<logicalDatatype>LOGDT008</logicalDatatype>
<ownDataTypeParameters>,,</ownDataTypeParameters>
<autoIncrementCycle>false</autoIncrementCycle>
</Column>
<Column name="Aircrafts_id" id="46724C28-2578-67B9-288D-4C7AF044C33B">
<createdBy>viden</createdBy>
<createdTime>2025-10-20 01:49:45 UTC</createdTime>
<ownerDesignName>Projekat49</ownerDesignName>
<useDomainConstraints>false</useDomainConstraints>
<use>1</use>
<logicalDatatype>LOGDT011</logicalDatatype>
<ownDataTypeParameters>,,</ownDataTypeParameters>
<previousColumn>false</previousColumn>
<autoIncrementCycle>false</autoIncrementCycle>
<associations>
<colAssociation fkAssociation="92E202C8-C7F9-B053-CA8A-80117A01F079" referredColumn="E68B72D6-C564-D85C-B781-3695BCA5B192"/>
</associations>
</Column>
<Column name="Flights_id" id="54ED6AEF-0E02-D205-856E-11C3DB385471">
<createdBy>viden</createdBy>
<createdTime>2025-10-20 01:52:19 UTC</createdTime>
<ownerDesignName>Projekat49</ownerDesignName>
<useDomainConstraints>false</useDomainConstraints>
<use>1</use>
<logicalDatatype>LOGDT011</logicalDatatype>
<ownDataTypeParameters>,,</ownDataTypeParameters>
<previousColumn>false</previousColumn>
<autoIncrementCycle>false</autoIncrementCycle>
<associations>
<colAssociation fkAssociation="D84F45F7-31A2-931A-E828-3D17F208CFEA" referredColumn="E561A507-C305-6288-001E-3878DC09369C"/>
</associations>
</Column>
</columns>
<indexes itemClass="oracle.dbtools.crest.model.design.relational.Index">
<ind_PK_UK id="5C89E1E8-1784-88B2-5BB8-E9A24335AB80" name="FuelRecord_PK">
<createdBy>viden</createdBy>
<createdTime>2025-10-20 01:49:11 UTC</createdTime>
<ownerDesignName>Projekat49</ownerDesignName>
<pk>true</pk>
<indexState>Primary Constraint</indexState>
<isSurrogateKey>false</isSurrogateKey>
<indexColumnUsage>
<colUsage columnID="453519BF-D8E3-E13F-E2DC-5FCD52744A1F"/>
</indexColumnUsage>
</ind_PK_UK>
<ind_PK_UK id="39259183-8685-B37A-5536-85FA6D801E9E" name="FuelRecord_Aircrafts_FK">
<createdBy>viden</createdBy>
<createdTime>2025-10-20 01:49:45 UTC</createdTime>
<ownerDesignName>Projekat49</ownerDesignName>
<indexState>Foreign Key</indexState>
<isSurrogateKey>false</isSurrogateKey>
<indexColumnUsage>
<colUsage columnID="46724C28-2578-67B9-288D-4C7AF044C33B"/>
</indexColumnUsage>
</ind_PK_UK>
<ind_PK_UK id="CBE970D6-30DD-D418-DE01-7AB926473C52" name="FuelRecord_Flights_FK">
<createdBy>viden</createdBy>
<createdTime>2025-10-20 01:52:19 UTC</createdTime>
<ownerDesignName>Projekat49</ownerDesignName>
<indexState>Foreign Key</indexState>
<isSurrogateKey>false</isSurrogateKey>
<indexColumnUsage>
<colUsage columnID="54ED6AEF-0E02-D205-856E-11C3DB385471"/>
</indexColumnUsage>
</ind_PK_UK>
</indexes>
</Table>