<?xml version = '1.0' encoding = 'UTF-8'?>
<Table class="oracle.dbtools.crest.model.design.relational.Table" directorySegmentName="seg_0" id="2A25D8F7-FCDE-3D8B-6C1B-4893795BF5C2" name="Baggage_category">
<createdBy>Win 11</createdBy>
<createdTime>2025-11-02 18:29:00 UTC</createdTime>
<generatorID>898F8C0E-D167-07F4-2F3C-8CF6A724D54E</generatorID>
<ownerDesignName>Projekat49</ownerDesignName>
<allowColumnReorder>false</allowColumnReorder>
<existDependencyGenerateInDDl>true</existDependencyGenerateInDDl>
<parsed>true</parsed>
<columns itemClass="oracle.dbtools.crest.model.design.relational.Column">
<Column name="id" id="5BBCD9AE-DEAB-5671-6E90-9A719CD5AB45">
<createdBy>Win 11</createdBy>
<createdTime>2025-11-02 18:29:00 UTC</createdTime>
<generatorID>FCF7711D-780D-3820-7CBA-B14CC974CF85</generatorID>
<ownerDesignName>Projekat49</ownerDesignName>
<useDomainConstraints>false</useDomainConstraints>
<use>1</use>
<logicalDatatype>LOGDT011</logicalDatatype>
<ownDataTypeParameters>,,</ownDataTypeParameters>
<autoIncrementCycle>false</autoIncrementCycle>
</Column>
<Column name="category_name" id="8BA963C7-32B1-D94C-BF7E-4E13E9AFDD2C">
<createdBy>Win 11</createdBy>
<createdTime>2025-11-02 18:29:00 UTC</createdTime>
<generatorID>655B8D41-D0C8-0AF2-561A-91E643079444</generatorID>
<ownerDesignName>Projekat49</ownerDesignName>
<useDomainConstraints>false</useDomainConstraints>
<use>1</use>
<logicalDatatype>LOGDT025</logicalDatatype>
<dataTypeSize>50</dataTypeSize>
<ownDataTypeParameters>50,,</ownDataTypeParameters>
<autoIncrementCycle>false</autoIncrementCycle>
</Column>
<Column name="description" id="6CE8730E-5C6B-902C-B206-DC972B7FD1CC">
<createdBy>Win 11</createdBy>
<createdTime>2025-11-02 18:29:00 UTC</createdTime>
<generatorID>2DCCE24B-4EF1-13F1-383B-4A25B40EF1EE</generatorID>
<ownerDesignName>Projekat49</ownerDesignName>
<nullsAllowed>true</nullsAllowed>
<useDomainConstraints>false</useDomainConstraints>
<use>1</use>
<logicalDatatype>LOGDT025</logicalDatatype>
<ownDataTypeParameters>,,</ownDataTypeParameters>
<autoIncrementCycle>false</autoIncrementCycle>
</Column>
</columns>
<indexes itemClass="oracle.dbtools.crest.model.design.relational.Index">
<ind_PK_UK id="A67C0CBF-C102-E943-E3DE-EFE297D6C078" name="Baggage_category_PK">
<createdBy>Win 11</createdBy>
<createdTime>2025-11-02 18:29:00 UTC</createdTime>
<generatorID>D4BE44B9-A568-BEB0-A972-E8F3863096F5</generatorID>
<ownerDesignName>Projekat49</ownerDesignName>
<pk>true</pk>
<indexState>Primary Constraint</indexState>
<isSurrogateKey>false</isSurrogateKey>
<indexColumnUsage>
<colUsage columnID="5BBCD9AE-DEAB-5671-6E90-9A719CD5AB45"/>
</indexColumnUsage>
</ind_PK_UK>
</indexes>
</Table>