<?xml version = '1.0' encoding = 'UTF-8'?>
<Table class="oracle.dbtools.crest.model.design.relational.Table" directorySegmentName="seg_0" id="30811818-363D-79F9-7E2A-B2CB897EF5BC" name="Flight_Crews">
<createdBy>User</createdBy>
<createdTime>2025-10-07 12:44:40 UTC</createdTime>
<ownerDesignName>Projekat49</ownerDesignName>
<ordsAlias>table_24</ordsAlias>
<allowColumnReorder>false</allowColumnReorder>
<existDependencyGenerateInDDl>true</existDependencyGenerateInDDl>
<parsed>true</parsed>
<columns itemClass="oracle.dbtools.crest.model.design.relational.Column">
<Column name="Employees_id" id="FE5D4830-FC33-54BE-8228-A148AF0FBDE6">
<createdBy>User</createdBy>
<createdTime>2025-10-07 12:45:25 UTC</createdTime>
<ownerDesignName>Projekat49</ownerDesignName>
<useDomainConstraints>false</useDomainConstraints>
<use>1</use>
<logicalDatatype>LOGDT011</logicalDatatype>
<ownDataTypeParameters>,,</ownDataTypeParameters>
<previousColumn>false</previousColumn>
<autoIncrementCycle>false</autoIncrementCycle>
<associations>
<colAssociation fkAssociation="C13530F2-C41A-4228-5D63-E01FB9843E1E" referredColumn="EFD875AC-C5ED-1A71-BBE3-F73904BE5CA7"/>
</associations>
</Column>
<Column name="Flights_id" id="ADED7D4B-68F3-C268-37A5-1AC312B409AC">
<createdBy>User</createdBy>
<createdTime>2025-10-07 12:45:28 UTC</createdTime>
<ownerDesignName>Projekat49</ownerDesignName>
<useDomainConstraints>false</useDomainConstraints>
<use>1</use>
<logicalDatatype>LOGDT011</logicalDatatype>
<ownDataTypeParameters>,,</ownDataTypeParameters>
<previousColumn>false</previousColumn>
<autoIncrementCycle>false</autoIncrementCycle>
<associations>
<colAssociation fkAssociation="12916DBD-C6D9-83D1-CC9E-8D3186D8F047" referredColumn="E561A507-C305-6288-001E-3878DC09369C"/>
</associations>
</Column>
</columns>
<indexes itemClass="oracle.dbtools.crest.model.design.relational.Index">
<ind_PK_UK id="EA204EBB-6271-D617-2E96-2C0473C2376C" name="Flight_Crews_PK">
<createdBy>viden</createdBy>
<createdTime>2025-10-27 01:30:31 UTC</createdTime>
<ownerDesignName>Projekat49</ownerDesignName>
<pk>true</pk>
<indexState>Primary Constraint</indexState>
<isSurrogateKey>false</isSurrogateKey>
<indexColumnUsage>
<colUsage columnID="FE5D4830-FC33-54BE-8228-A148AF0FBDE6"/>
<colUsage columnID="ADED7D4B-68F3-C268-37A5-1AC312B409AC"/>
</indexColumnUsage>
</ind_PK_UK>
<ind_PK_UK id="ED6A8F49-9E49-A09D-FE50-0527EEF968EE" name="Flight_Crews_Employees_FK">
<createdBy>User</createdBy>
<createdTime>2025-10-07 12:45:25 UTC</createdTime>
<ownerDesignName>Projekat49</ownerDesignName>
<indexState>Foreign Key</indexState>
<isSurrogateKey>false</isSurrogateKey>
<indexColumnUsage>
<colUsage columnID="FE5D4830-FC33-54BE-8228-A148AF0FBDE6"/>
</indexColumnUsage>
</ind_PK_UK>
<ind_PK_UK id="6711F8D6-20ED-4ED1-A19B-90905AE81EC7" name="Flight_Crews_Flights_FK">
<createdBy>User</createdBy>
<createdTime>2025-10-07 12:45:28 UTC</createdTime>
<ownerDesignName>Projekat49</ownerDesignName>
<indexState>Foreign Key</indexState>
<isSurrogateKey>false</isSurrogateKey>
<indexColumnUsage>
<colUsage columnID="ADED7D4B-68F3-C268-37A5-1AC312B409AC"/>
</indexColumnUsage>
</ind_PK_UK>
</indexes>
</Table>