<?xml version = '1.0' encoding = 'UTF-8'?>
<Table class="oracle.dbtools.crest.model.design.relational.Table" directorySegmentName="seg_0" id="3C40F964-0BA7-C2E6-D6B4-4567D46C8894" name="Baggage_type">
<createdBy>User</createdBy>
<createdTime>2025-10-26 20:27:45 UTC</createdTime>
<ownerDesignName>Projekat49</ownerDesignName>
<ordsAlias>table_33</ordsAlias>
<allowColumnReorder>false</allowColumnReorder>
<existDependencyGenerateInDDl>true</existDependencyGenerateInDDl>
<parsed>true</parsed>
<columns itemClass="oracle.dbtools.crest.model.design.relational.Column">
<Column name="id" id="3BD7B9A6-6641-9ADD-2974-C1FF3483B1CF">
<createdBy>User</createdBy>
<createdTime>2025-10-26 20:29:39 UTC</createdTime>
<ownerDesignName>Projekat49</ownerDesignName>
<useDomainConstraints>false</useDomainConstraints>
<use>1</use>
<logicalDatatype>LOGDT011</logicalDatatype>
<ownDataTypeParameters>,,</ownDataTypeParameters>
<autoIncrementCycle>false</autoIncrementCycle>
</Column>
<Column name="name" id="C8339CF1-2757-30E1-8665-966363475B45">
<createdBy>User</createdBy>
<createdTime>2025-10-26 20:32:49 UTC</createdTime>
<ownerDesignName>Projekat49</ownerDesignName>
<useDomainConstraints>false</useDomainConstraints>
<use>1</use>
<logicalDatatype>LOGDT024</logicalDatatype>
<dataTypeSize>30</dataTypeSize>
<ownDataTypeParameters>30,,</ownDataTypeParameters>
<autoIncrementCycle>false</autoIncrementCycle>
</Column>
<Column name="category" id="80CB8121-DED7-D6E5-CD03-2C26F17F1478">
<createdBy>User</createdBy>
<createdTime>2025-10-26 20:32:49 UTC</createdTime>
<ownerDesignName>Projekat49</ownerDesignName>
<nullsAllowed>true</nullsAllowed>
<useDomainConstraints>false</useDomainConstraints>
<use>1</use>
<logicalDatatype>LOGDT024</logicalDatatype>
<dataTypeSize>100</dataTypeSize>
<ownDataTypeParameters>100,,</ownDataTypeParameters>
<autoIncrementCycle>false</autoIncrementCycle>
</Column>
<Column name="description" id="55C7875E-BCF6-80DD-69F5-F9A667E0B767">
<createdBy>User</createdBy>
<createdTime>2025-10-26 20:32:49 UTC</createdTime>
<ownerDesignName>Projekat49</ownerDesignName>
<nullsAllowed>true</nullsAllowed>
<useDomainConstraints>false</useDomainConstraints>
<use>1</use>
<logicalDatatype>LOGDT024</logicalDatatype>
<dataTypeSize>500</dataTypeSize>
<ownDataTypeParameters>500,,</ownDataTypeParameters>
<autoIncrementCycle>false</autoIncrementCycle>
</Column>
<Column name="temperature_from" id="D99366B6-2FBA-0B2C-322C-BB2899743399">
<createdBy>User</createdBy>
<createdTime>2025-10-26 20:32:49 UTC</createdTime>
<ownerDesignName>Projekat49</ownerDesignName>
<nullsAllowed>true</nullsAllowed>
<useDomainConstraints>false</useDomainConstraints>
<use>1</use>
<logicalDatatype>LOGDT011</logicalDatatype>
<ownDataTypeParameters>,,</ownDataTypeParameters>
<autoIncrementCycle>false</autoIncrementCycle>
</Column>
<Column name="temperature_to" id="552F5138-0F4A-5874-BD27-2725698D6D5A">
<createdBy>User</createdBy>
<createdTime>2025-10-26 20:32:49 UTC</createdTime>
<ownerDesignName>Projekat49</ownerDesignName>
<nullsAllowed>true</nullsAllowed>
<useDomainConstraints>false</useDomainConstraints>
<use>1</use>
<logicalDatatype>LOGDT011</logicalDatatype>
<ownDataTypeParameters>,,</ownDataTypeParameters>
<autoIncrementCycle>false</autoIncrementCycle>
</Column>
<Column name="handling_instructions" id="FE27A83C-BA8E-9651-5C31-F29B20D28B20">
<createdBy>User</createdBy>
<createdTime>2025-10-26 20:32:49 UTC</createdTime>
<ownerDesignName>Projekat49</ownerDesignName>
<nullsAllowed>true</nullsAllowed>
<useDomainConstraints>false</useDomainConstraints>
<use>1</use>
<logicalDatatype>LOGDT024</logicalDatatype>
<dataTypeSize>500</dataTypeSize>
<ownDataTypeParameters>500,,</ownDataTypeParameters>
<autoIncrementCycle>false</autoIncrementCycle>
</Column>
<Column name="documentation" id="C7302313-0A4A-9E7E-F4AF-09E83053CD18">
<createdBy>User</createdBy>
<createdTime>2025-10-26 20:32:49 UTC</createdTime>
<ownerDesignName>Projekat49</ownerDesignName>
<nullsAllowed>true</nullsAllowed>
<useDomainConstraints>false</useDomainConstraints>
<use>1</use>
<logicalDatatype>LOGDT006</logicalDatatype>
<dataTypeSize>1</dataTypeSize>
<ownDataTypeParameters>1,,</ownDataTypeParameters>
<autoIncrementCycle>false</autoIncrementCycle>
</Column>
<Column name="is_animal" id="E7661542-3378-1239-B4E3-CBE7374DD3BA">
<createdBy>User</createdBy>
<createdTime>2025-10-26 20:32:49 UTC</createdTime>
<ownerDesignName>Projekat49</ownerDesignName>
<nullsAllowed>true</nullsAllowed>
<useDomainConstraints>false</useDomainConstraints>
<use>1</use>
<logicalDatatype>LOGDT006</logicalDatatype>
<dataTypeSize>1</dataTypeSize>
<ownDataTypeParameters>1,,</ownDataTypeParameters>
<autoIncrementCycle>false</autoIncrementCycle>
</Column>
<Column name="Baggage_category_id" id="6ACB4968-62A9-0240-47CA-E6045F66C20C">
<createdBy>Win 11</createdBy>
<createdTime>2025-11-02 18:29:00 UTC</createdTime>
<generatorID>577C33AE-B0C7-824F-728F-FA8B02785738</generatorID>
<ownerDesignName>Projekat49</ownerDesignName>
<useDomainConstraints>false</useDomainConstraints>
<use>1</use>
<logicalDatatype>LOGDT011</logicalDatatype>
<ownDataTypeParameters>,,</ownDataTypeParameters>
<previousColumn>false</previousColumn>
<autoIncrementCycle>false</autoIncrementCycle>
<associations>
<colAssociation fkAssociation="668B80B5-CADD-C177-5AA7-F62C23D835AF" referredColumn="5BBCD9AE-DEAB-5671-6E90-9A719CD5AB45"/>
</associations>
</Column>
</columns>
<indexes itemClass="oracle.dbtools.crest.model.design.relational.Index">
<ind_PK_UK id="52DF9B2B-F990-17CA-EC7D-99DF6CC36403" name="Baggage_type_PK">
<createdBy>User</createdBy>
<createdTime>2025-10-26 20:29:39 UTC</createdTime>
<ownerDesignName>Projekat49</ownerDesignName>
<pk>true</pk>
<indexState>Primary Constraint</indexState>
<isSurrogateKey>false</isSurrogateKey>
<indexColumnUsage>
<colUsage columnID="3BD7B9A6-6641-9ADD-2974-C1FF3483B1CF"/>
</indexColumnUsage>
</ind_PK_UK>
<ind_PK_UK id="506B2AA9-18A0-8E04-647F-EF7743353062" name="Baggage_type_Baggage_category_FK">
<createdBy>Win 11</createdBy>
<createdTime>2025-11-02 18:29:00 UTC</createdTime>
<generatorID>47CCCED2-3A4D-BAF3-A870-B06B91EDF805</generatorID>
<ownerDesignName>Projekat49</ownerDesignName>
<indexState>Foreign Key</indexState>
<isSurrogateKey>false</isSurrogateKey>
<indexColumnUsage>
<colUsage columnID="6ACB4968-62A9-0240-47CA-E6045F66C20C"/>
</indexColumnUsage>
</ind_PK_UK>
</indexes>
</Table>