<?xml version = '1.0' encoding = 'UTF-8'?>
<Table class="oracle.dbtools.crest.model.design.relational.Table" directorySegmentName="seg_0" id="490CC61A-EA90-3265-D019-F6E1C3166C49" name="Loyalty_Programs">
<createdBy>User</createdBy>
<createdTime>2025-10-12 21:34:41 UTC</createdTime>
<ownerDesignName>Projekat49</ownerDesignName>
<ordsAlias>table_20</ordsAlias>
<allowColumnReorder>false</allowColumnReorder>
<existDependencyGenerateInDDl>true</existDependencyGenerateInDDl>
<parsed>true</parsed>
<columns itemClass="oracle.dbtools.crest.model.design.relational.Column">
<Column name="id" id="F83E9857-0C81-FB70-5A07-31EA557F195B">
<createdBy>User</createdBy>
<createdTime>2025-10-12 21:35:42 UTC</createdTime>
<ownerDesignName>Projekat49</ownerDesignName>
<useDomainConstraints>false</useDomainConstraints>
<use>1</use>
<logicalDatatype>LOGDT011</logicalDatatype>
<ownDataTypeParameters>,,</ownDataTypeParameters>
<autoIncrementCycle>false</autoIncrementCycle>
</Column>
<Column name="membership_number" id="2FB719FD-7C1A-D26E-7B26-B3412CAAAE25">
<createdBy>User</createdBy>
<createdTime>2025-10-12 21:35:42 UTC</createdTime>
<ownerDesignName>Projekat49</ownerDesignName>
<useDomainConstraints>false</useDomainConstraints>
<use>1</use>
<logicalDatatype>LOGDT024</logicalDatatype>
<dataTypeSize>20</dataTypeSize>
<ownDataTypeParameters>20,,</ownDataTypeParameters>
<autoIncrementCycle>false</autoIncrementCycle>
</Column>
<Column name="tier_level" id="C7B153BF-AA4A-CFFA-46D3-1718A2EF56F1">
<createdBy>User</createdBy>
<createdTime>2025-10-12 21:37:12 UTC</createdTime>
<ownerDesignName>Projekat49</ownerDesignName>
<nullsAllowed>true</nullsAllowed>
<useDomainConstraints>false</useDomainConstraints>
<use>1</use>
<logicalDatatype>LOGDT024</logicalDatatype>
<dataTypeSize>30</dataTypeSize>
<ownDataTypeParameters>30,,</ownDataTypeParameters>
<autoIncrementCycle>false</autoIncrementCycle>
</Column>
<Column name="miles" id="3E55B7CC-648C-D1EE-576B-970857B2BC69">
<createdBy>User</createdBy>
<createdTime>2025-10-12 21:37:12 UTC</createdTime>
<ownerDesignName>Projekat49</ownerDesignName>
<nullsAllowed>true</nullsAllowed>
<useDomainConstraints>false</useDomainConstraints>
<use>1</use>
<logicalDatatype>LOGDT011</logicalDatatype>
<ownDataTypeParameters>,,</ownDataTypeParameters>
<autoIncrementCycle>false</autoIncrementCycle>
</Column>
<Column name="Passengers_id" id="12014AC0-BA5D-5DDE-0C92-071972E6089A">
<createdBy>User</createdBy>
<createdTime>2025-10-12 21:37:12 UTC</createdTime>
<ownerDesignName>Projekat49</ownerDesignName>
<useDomainConstraints>false</useDomainConstraints>
<use>1</use>
<logicalDatatype>LOGDT011</logicalDatatype>
<ownDataTypeParameters>,,</ownDataTypeParameters>
<autoIncrementCycle>false</autoIncrementCycle>
<associations>
<colAssociation fkAssociation="528D3299-8481-F289-9BCE-8F10FFC18D2C" referredColumn="1EEB7808-D5BE-B2BD-1E5D-72659C43FE25"/>
</associations>
</Column>
</columns>
<indexes itemClass="oracle.dbtools.crest.model.design.relational.Index">
<ind_PK_UK id="2A0346CC-D5AB-CEC5-16FB-E7E3D3FF7A51" name="Loyalty_Programs_PK">
<createdBy>User</createdBy>
<createdTime>2025-10-12 21:35:42 UTC</createdTime>
<ownerDesignName>Projekat49</ownerDesignName>
<pk>true</pk>
<indexState>Primary Constraint</indexState>
<isSurrogateKey>false</isSurrogateKey>
<indexColumnUsage>
<colUsage columnID="F83E9857-0C81-FB70-5A07-31EA557F195B"/>
</indexColumnUsage>
</ind_PK_UK>
<ind_PK_UK id="2B741C93-7DA0-89EA-912E-9A32CA18388C" name="Loyalty_Programs_Passengers_FK">
<createdBy>User</createdBy>
<createdTime>2025-10-12 21:37:24 UTC</createdTime>
<ownerDesignName>Projekat49</ownerDesignName>
<indexState>Foreign Key</indexState>
<isSurrogateKey>false</isSurrogateKey>
<indexColumnUsage>
<colUsage columnID="12014AC0-BA5D-5DDE-0C92-071972E6089A"/>
</indexColumnUsage>
</ind_PK_UK>
</indexes>
</Table>