<?xml version = '1.0' encoding = 'UTF-8'?>
<Table class="oracle.dbtools.crest.model.design.relational.Table" directorySegmentName="seg_0" id="4E580F91-F3E6-9482-5B83-A027FC3C5147" name="Baggage">
<createdBy>User</createdBy>
<createdTime>2025-10-07 12:51:51 UTC</createdTime>
<ownerDesignName>Projekat49</ownerDesignName>
<ordsAlias>table_28</ordsAlias>
<allowColumnReorder>false</allowColumnReorder>
<existDependencyGenerateInDDl>true</existDependencyGenerateInDDl>
<parsed>true</parsed>
<columns itemClass="oracle.dbtools.crest.model.design.relational.Column">
<Column name="id" id="4F28E2E5-587B-6BCA-75EC-C0B4BA75DAE3">
<createdBy>User</createdBy>
<createdTime>2025-10-07 12:52:55 UTC</createdTime>
<ownerDesignName>Projekat49</ownerDesignName>
<useDomainConstraints>false</useDomainConstraints>
<use>1</use>
<logicalDatatype>LOGDT011</logicalDatatype>
<ownDataTypeParameters>,,</ownDataTypeParameters>
<autoIncrementCycle>false</autoIncrementCycle>
</Column>
<Column name="weight_kg" id="A51B4194-39CD-C7A6-196F-C03FA44062D5">
<createdBy>User</createdBy>
<createdTime>2025-10-07 12:52:55 UTC</createdTime>
<ownerDesignName>Projekat49</ownerDesignName>
<useDomainConstraints>false</useDomainConstraints>
<use>1</use>
<logicalDatatype>LOGDT026</logicalDatatype>
<dataTypePrecision>6</dataTypePrecision>
<dataTypeScale>2</dataTypeScale>
<ownDataTypeParameters>,6,2</ownDataTypeParameters>
<autoIncrementCycle>false</autoIncrementCycle>
</Column>
<Column name="Tickets_id" id="96E83DCB-5CC9-C5DD-F794-4119135E67F8">
<createdBy>User</createdBy>
<createdTime>2025-10-07 12:53:01 UTC</createdTime>
<ownerDesignName>Projekat49</ownerDesignName>
<useDomainConstraints>false</useDomainConstraints>
<use>1</use>
<logicalDatatype>LOGDT011</logicalDatatype>
<ownDataTypeParameters>,,</ownDataTypeParameters>
<previousColumn>false</previousColumn>
<autoIncrementCycle>false</autoIncrementCycle>
<associations>
<colAssociation fkAssociation="48B900A2-9507-B2DF-BC5E-226229F02977" referredColumn="D55B15A8-2FCD-9D86-9C32-E50EF917293E"/>
</associations>
</Column>
<Column name="Baggage_type_id" id="6D6F4D84-BE36-08E8-FB5A-D842534ED295">
<createdBy>User</createdBy>
<createdTime>2025-10-26 20:29:41 UTC</createdTime>
<ownerDesignName>Projekat49</ownerDesignName>
<useDomainConstraints>false</useDomainConstraints>
<use>1</use>
<logicalDatatype>LOGDT011</logicalDatatype>
<ownDataTypeParameters>,,</ownDataTypeParameters>
<previousColumn>false</previousColumn>
<autoIncrementCycle>false</autoIncrementCycle>
<associations>
<colAssociation fkAssociation="08F57250-DE8B-02EE-3B48-DC8995279C29" referredColumn="3BD7B9A6-6641-9ADD-2974-C1FF3483B1CF"/>
</associations>
</Column>
</columns>
<indexes itemClass="oracle.dbtools.crest.model.design.relational.Index">
<ind_PK_UK id="4E2FBA3E-4280-C20C-606D-48180F8B7509" name="Baggage_PK">
<createdBy>User</createdBy>
<createdTime>2025-10-07 12:52:55 UTC</createdTime>
<ownerDesignName>Projekat49</ownerDesignName>
<pk>true</pk>
<indexState>Primary Constraint</indexState>
<isSurrogateKey>false</isSurrogateKey>
<indexColumnUsage>
<colUsage columnID="4F28E2E5-587B-6BCA-75EC-C0B4BA75DAE3"/>
</indexColumnUsage>
</ind_PK_UK>
<ind_PK_UK id="83E69F43-3FFB-E609-E71F-2A842A0E4942" name="Baggage_Tickets_FK">
<createdBy>User</createdBy>
<createdTime>2025-10-07 12:53:01 UTC</createdTime>
<ownerDesignName>Projekat49</ownerDesignName>
<indexState>Foreign Key</indexState>
<isSurrogateKey>false</isSurrogateKey>
<indexColumnUsage>
<colUsage columnID="96E83DCB-5CC9-C5DD-F794-4119135E67F8"/>
</indexColumnUsage>
</ind_PK_UK>
<ind_PK_UK id="2B1892E4-979F-DB40-C5B3-1CBD4FEA29BA" name="Baggage_Baggage_type_FK">
<createdBy>User</createdBy>
<createdTime>2025-10-26 20:29:41 UTC</createdTime>
<ownerDesignName>Projekat49</ownerDesignName>
<indexState>Foreign Key</indexState>
<isSurrogateKey>false</isSurrogateKey>
<indexColumnUsage>
<colUsage columnID="6D6F4D84-BE36-08E8-FB5A-D842534ED295"/>
</indexColumnUsage>
</ind_PK_UK>
</indexes>
</Table>