<?xml version = '1.0' encoding = 'UTF-8'?>
<Table class="oracle.dbtools.crest.model.design.relational.Table" directorySegmentName="seg_0" id="5A8401E3-7A1B-58A0-765B-8571F9588852" name="Employees">
<createdBy>User</createdBy>
<createdTime>2025-10-07 12:40:11 UTC</createdTime>
<ownerDesignName>Projekat49</ownerDesignName>
<ordsAlias>table_23</ordsAlias>
<allowColumnReorder>false</allowColumnReorder>
<existDependencyGenerateInDDl>true</existDependencyGenerateInDDl>
<parsed>true</parsed>
<columns itemClass="oracle.dbtools.crest.model.design.relational.Column">
<Column name="id" id="EFD875AC-C5ED-1A71-BBE3-F73904BE5CA7">
<createdBy>User</createdBy>
<createdTime>2025-10-07 12:43:15 UTC</createdTime>
<ownerDesignName>Projekat49</ownerDesignName>
<useDomainConstraints>false</useDomainConstraints>
<use>1</use>
<logicalDatatype>LOGDT011</logicalDatatype>
<ownDataTypeParameters>,,</ownDataTypeParameters>
<autoIncrementCycle>false</autoIncrementCycle>
</Column>
<Column name="first_name" id="496FE56C-7692-74FF-EB87-508719AC2B50">
<createdBy>User</createdBy>
<createdTime>2025-10-07 12:43:15 UTC</createdTime>
<ownerDesignName>Projekat49</ownerDesignName>
<useDomainConstraints>false</useDomainConstraints>
<use>1</use>
<logicalDatatype>LOGDT024</logicalDatatype>
<dataTypeSize>50</dataTypeSize>
<ownDataTypeParameters>50,,</ownDataTypeParameters>
<autoIncrementCycle>false</autoIncrementCycle>
</Column>
<Column name="last_name" id="FC6BEA0E-01EF-522C-360B-7166489F3F3F">
<createdBy>User</createdBy>
<createdTime>2025-10-07 12:43:15 UTC</createdTime>
<ownerDesignName>Projekat49</ownerDesignName>
<useDomainConstraints>false</useDomainConstraints>
<use>1</use>
<logicalDatatype>LOGDT024</logicalDatatype>
<dataTypeSize>50</dataTypeSize>
<ownDataTypeParameters>50,,</ownDataTypeParameters>
<autoIncrementCycle>false</autoIncrementCycle>
</Column>
<Column name="hire_date" id="59F0DCD8-2101-B872-2B33-088C9F0744A3">
<createdBy>User</createdBy>
<createdTime>2025-10-07 12:43:48 UTC</createdTime>
<ownerDesignName>Projekat49</ownerDesignName>
<useDomainConstraints>false</useDomainConstraints>
<use>1</use>
<logicalDatatype>LOGDT007</logicalDatatype>
<ownDataTypeParameters>,,</ownDataTypeParameters>
<autoIncrementCycle>false</autoIncrementCycle>
</Column>
<Column name="Employee_positions_id" id="0B0BA15A-A281-BCC3-9799-BD179C8CDB53">
<createdBy>viden</createdBy>
<createdTime>2025-10-27 01:34:52 UTC</createdTime>
<ownerDesignName>Projekat49</ownerDesignName>
<useDomainConstraints>false</useDomainConstraints>
<use>1</use>
<logicalDatatype>LOGDT011</logicalDatatype>
<ownDataTypeParameters>,,</ownDataTypeParameters>
<previousColumn>false</previousColumn>
<autoIncrementCycle>false</autoIncrementCycle>
<associations>
<colAssociation fkAssociation="2A9DC00A-40AA-C954-C264-F7ED6462F347" referredColumn="0463E796-0CC3-6952-5591-47A36B3CAE88"/>
</associations>
</Column>
<Column name="Employee_status_id" id="C4D65F67-793C-5486-2460-9E3D219FEED9">
<createdBy>viden</createdBy>
<createdTime>2025-10-27 01:47:18 UTC</createdTime>
<ownerDesignName>Projekat49</ownerDesignName>
<useDomainConstraints>false</useDomainConstraints>
<use>1</use>
<logicalDatatype>LOGDT011</logicalDatatype>
<ownDataTypeParameters>,,</ownDataTypeParameters>
<previousColumn>false</previousColumn>
<autoIncrementCycle>false</autoIncrementCycle>
<associations>
<colAssociation fkAssociation="2539DB1F-EA72-AC71-3FCA-9967B6664812" referredColumn="B92EAE3F-2EDC-1FAB-CA6C-A26351929EBC"/>
</associations>
</Column>
<Column name="Employee_type_id" id="867F41B8-29A8-3E0B-FFCC-6D513337FB02">
<createdBy>viden</createdBy>
<createdTime>2025-10-27 01:47:35 UTC</createdTime>
<ownerDesignName>Projekat49</ownerDesignName>
<useDomainConstraints>false</useDomainConstraints>
<use>1</use>
<logicalDatatype>LOGDT011</logicalDatatype>
<ownDataTypeParameters>,,</ownDataTypeParameters>
<previousColumn>false</previousColumn>
<autoIncrementCycle>false</autoIncrementCycle>
<associations>
<colAssociation fkAssociation="2D6204AF-6AB4-C8A1-16C2-631AA45A8A5B" referredColumn="D4630C4A-FFD4-26F0-AF24-3B13F912C59F"/>
</associations>
</Column>
</columns>
<indexes itemClass="oracle.dbtools.crest.model.design.relational.Index">
<ind_PK_UK id="1D79F354-7236-9C5F-ABD8-23EED7606F79" name="Employees_PK">
<createdBy>User</createdBy>
<createdTime>2025-10-07 12:43:15 UTC</createdTime>
<ownerDesignName>Projekat49</ownerDesignName>
<pk>true</pk>
<indexState>Primary Constraint</indexState>
<isSurrogateKey>false</isSurrogateKey>
<indexColumnUsage>
<colUsage columnID="EFD875AC-C5ED-1A71-BBE3-F73904BE5CA7"/>
</indexColumnUsage>
</ind_PK_UK>
<ind_PK_UK id="37B03C89-BEC6-C043-5F17-78CE40E3FCB8" name="Employees_Employee_positions_FK">
<createdBy>viden</createdBy>
<createdTime>2025-10-27 01:34:52 UTC</createdTime>
<ownerDesignName>Projekat49</ownerDesignName>
<indexState>Foreign Key</indexState>
<isSurrogateKey>false</isSurrogateKey>
<indexColumnUsage>
<colUsage columnID="0B0BA15A-A281-BCC3-9799-BD179C8CDB53"/>
</indexColumnUsage>
</ind_PK_UK>
<ind_PK_UK id="CF1E2A4E-7B63-0FCA-49D5-D5CA8B13C427" name="Employees_Employee_status_FK">
<createdBy>viden</createdBy>
<createdTime>2025-10-27 01:47:18 UTC</createdTime>
<ownerDesignName>Projekat49</ownerDesignName>
<indexState>Foreign Key</indexState>
<isSurrogateKey>false</isSurrogateKey>
<indexColumnUsage>
<colUsage columnID="C4D65F67-793C-5486-2460-9E3D219FEED9"/>
</indexColumnUsage>
</ind_PK_UK>
<ind_PK_UK id="B2D55FB1-7FEE-0852-5B3F-FA602561FD37" name="Employees_Employee_type_FK">
<createdBy>viden</createdBy>
<createdTime>2025-10-27 01:47:35 UTC</createdTime>
<ownerDesignName>Projekat49</ownerDesignName>
<indexState>Foreign Key</indexState>
<isSurrogateKey>false</isSurrogateKey>
<indexColumnUsage>
<colUsage columnID="867F41B8-29A8-3E0B-FFCC-6D513337FB02"/>
</indexColumnUsage>
</ind_PK_UK>
</indexes>
</Table>