<?xml version = '1.0' encoding = 'UTF-8'?>
<Table class="oracle.dbtools.crest.model.design.relational.Table" directorySegmentName="seg_0" id="7C09B416-5584-DE67-E91F-6CEDFBEB8BCB" name="Aircraft_Maintenance">
<createdBy>User</createdBy>
<createdTime>2025-10-12 21:07:42 UTC</createdTime>
<ownerDesignName>Projekat49</ownerDesignName>
<ordsAlias>table_16</ordsAlias>
<allowColumnReorder>false</allowColumnReorder>
<existDependencyGenerateInDDl>true</existDependencyGenerateInDDl>
<parsed>true</parsed>
<columns itemClass="oracle.dbtools.crest.model.design.relational.Column">
<Column name="id" id="19CD32AD-2D63-4A3E-D03F-84CE922FE2BD">
<createdBy>User</createdBy>
<createdTime>2025-10-12 21:09:12 UTC</createdTime>
<ownerDesignName>Projekat49</ownerDesignName>
<useDomainConstraints>false</useDomainConstraints>
<use>1</use>
<logicalDatatype>LOGDT011</logicalDatatype>
<ownDataTypeParameters>,,</ownDataTypeParameters>
<autoIncrementCycle>false</autoIncrementCycle>
</Column>
<Column name="maintenance_date" id="AB043DDA-DAB4-0286-2138-CFA672B5E0CE">
<createdBy>User</createdBy>
<createdTime>2025-10-12 21:09:12 UTC</createdTime>
<ownerDesignName>Projekat49</ownerDesignName>
<useDomainConstraints>false</useDomainConstraints>
<use>1</use>
<logicalDatatype>LOGDT007</logicalDatatype>
<ownDataTypeParameters>,,</ownDataTypeParameters>
<autoIncrementCycle>false</autoIncrementCycle>
</Column>
<Column name="Maintenance_Type_id" id="87706E8A-87B5-6BEB-1640-B4012EEB4188">
<createdBy>User</createdBy>
<createdTime>2025-10-12 21:09:34 UTC</createdTime>
<ownerDesignName>Projekat49</ownerDesignName>
<useDomainConstraints>false</useDomainConstraints>
<use>1</use>
<logicalDatatype>LOGDT011</logicalDatatype>
<ownDataTypeParameters>,,</ownDataTypeParameters>
<autoIncrementCycle>false</autoIncrementCycle>
<associations>
<colAssociation fkAssociation="74489A0C-6507-D096-ACA9-16FAB5CF369C" referredColumn="16A8BF4C-D261-CFC6-77D9-08952AC37F19"/>
</associations>
</Column>
<Column name="notes" id="BF476C65-154D-B44D-4AD7-4F198F3B6EBB">
<createdBy>User</createdBy>
<createdTime>2025-10-12 21:10:06 UTC</createdTime>
<ownerDesignName>Projekat49</ownerDesignName>
<nullsAllowed>true</nullsAllowed>
<useDomainConstraints>false</useDomainConstraints>
<use>1</use>
<logicalDatatype>LOGDT024</logicalDatatype>
<dataTypeSize>2000</dataTypeSize>
<ownDataTypeParameters>2000,,</ownDataTypeParameters>
<autoIncrementCycle>false</autoIncrementCycle>
</Column>
<Column name="Aircrafts_id" id="ACA11ED6-3E7A-A780-20A7-A29B6FAB84B1">
<createdBy>User</createdBy>
<createdTime>2025-10-12 21:11:05 UTC</createdTime>
<ownerDesignName>Projekat49</ownerDesignName>
<useDomainConstraints>false</useDomainConstraints>
<use>1</use>
<logicalDatatype>LOGDT011</logicalDatatype>
<ownDataTypeParameters>,,</ownDataTypeParameters>
<autoIncrementCycle>false</autoIncrementCycle>
<associations>
<colAssociation fkAssociation="928ECFB9-9898-08AA-43BF-03EFE65E4E62" referredColumn="E68B72D6-C564-D85C-B781-3695BCA5B192"/>
</associations>
</Column>
</columns>
<indexes itemClass="oracle.dbtools.crest.model.design.relational.Index">
<ind_PK_UK id="19BD9C70-DE33-26F0-D4CA-E6DA2B016256" name="Aircraft_Maintenance_PK">
<createdBy>User</createdBy>
<createdTime>2025-10-12 21:09:12 UTC</createdTime>
<ownerDesignName>Projekat49</ownerDesignName>
<pk>true</pk>
<indexState>Primary Constraint</indexState>
<isSurrogateKey>false</isSurrogateKey>
<indexColumnUsage>
<colUsage columnID="19CD32AD-2D63-4A3E-D03F-84CE922FE2BD"/>
</indexColumnUsage>
</ind_PK_UK>
<ind_PK_UK id="52DB4552-AD2B-820C-8F18-01FF8D107334" name="Aircraft_Maintenance_Aircrafts_FK">
<createdBy>User</createdBy>
<createdTime>2025-10-12 21:11:20 UTC</createdTime>
<ownerDesignName>Projekat49</ownerDesignName>
<indexState>Foreign Key</indexState>
<isSurrogateKey>false</isSurrogateKey>
<indexColumnUsage>
<colUsage columnID="ACA11ED6-3E7A-A780-20A7-A29B6FAB84B1"/>
</indexColumnUsage>
</ind_PK_UK>
<ind_PK_UK id="381123B8-0AF8-3E40-3159-C132341CC570" name="Aircraft_Maintenance_Maintenance_Type_FK">
<createdBy>User</createdBy>
<createdTime>2025-10-27 00:04:32 UTC</createdTime>
<ownerDesignName>Projekat49</ownerDesignName>
<indexState>Foreign Key</indexState>
<isSurrogateKey>false</isSurrogateKey>
<indexColumnUsage>
<colUsage columnID="87706E8A-87B5-6BEB-1640-B4012EEB4188"/>
</indexColumnUsage>
</ind_PK_UK>
</indexes>
</Table>