<?xml version = '1.0' encoding = 'UTF-8'?>
<Table class="oracle.dbtools.crest.model.design.relational.Table" directorySegmentName="seg_0" id="940405D2-234D-1FCD-236E-95A9F6FE1DD3" name="Aircraft_Model">
<createdBy>User</createdBy>
<createdTime>2025-10-20 00:08:08 UTC</createdTime>
<ownerDesignName>Projekat49</ownerDesignName>
<ordsAlias>table_15</ordsAlias>
<allowColumnReorder>false</allowColumnReorder>
<existDependencyGenerateInDDl>true</existDependencyGenerateInDDl>
<parsed>true</parsed>
<columns itemClass="oracle.dbtools.crest.model.design.relational.Column">
<Column name="id" id="85BA6CBD-26B4-3A3E-1563-8D90BF338A8F">
<createdBy>User</createdBy>
<createdTime>2025-10-20 00:11:39 UTC</createdTime>
<ownerDesignName>Projekat49</ownerDesignName>
<useDomainConstraints>false</useDomainConstraints>
<use>1</use>
<logicalDatatype>LOGDT011</logicalDatatype>
<ownDataTypeParameters>,,</ownDataTypeParameters>
<autoIncrementCycle>false</autoIncrementCycle>
</Column>
<Column name="name" id="451B8135-E378-D210-20DF-195DE73D8F0E">
<createdBy>User</createdBy>
<createdTime>2025-10-20 00:11:39 UTC</createdTime>
<ownerDesignName>Projekat49</ownerDesignName>
<useDomainConstraints>false</useDomainConstraints>
<use>1</use>
<logicalDatatype>LOGDT024</logicalDatatype>
<dataTypeSize>50</dataTypeSize>
<ownDataTypeParameters>50,,</ownDataTypeParameters>
<autoIncrementCycle>false</autoIncrementCycle>
</Column>
<Column name="manufacturer" id="513076A6-55EF-8E3A-1B62-F0CE46541E49">
<createdBy>User</createdBy>
<createdTime>2025-10-20 00:11:39 UTC</createdTime>
<ownerDesignName>Projekat49</ownerDesignName>
<useDomainConstraints>false</useDomainConstraints>
<use>1</use>
<logicalDatatype>LOGDT024</logicalDatatype>
<dataTypeSize>50</dataTypeSize>
<ownDataTypeParameters>50,,</ownDataTypeParameters>
<autoIncrementCycle>false</autoIncrementCycle>
</Column>
<Column name="passanger_capacity" id="F5870573-0CCE-86A9-3064-20AA2101F677">
<createdBy>User</createdBy>
<createdTime>2025-10-20 00:11:39 UTC</createdTime>
<ownerDesignName>Projekat49</ownerDesignName>
<useDomainConstraints>false</useDomainConstraints>
<use>1</use>
<logicalDatatype>LOGDT011</logicalDatatype>
<ownDataTypeParameters>,,</ownDataTypeParameters>
<autoIncrementCycle>false</autoIncrementCycle>
</Column>
<Column name="notes" id="9B90477E-9326-D29A-F5CB-3E7208D52258">
<createdBy>User</createdBy>
<createdTime>2025-10-20 00:11:39 UTC</createdTime>
<ownerDesignName>Projekat49</ownerDesignName>
<nullsAllowed>true</nullsAllowed>
<useDomainConstraints>false</useDomainConstraints>
<use>1</use>
<logicalDatatype>LOGDT024</logicalDatatype>
<ownDataTypeParameters>,,</ownDataTypeParameters>
<autoIncrementCycle>false</autoIncrementCycle>
</Column>
</columns>
<indexes itemClass="oracle.dbtools.crest.model.design.relational.Index">
<ind_PK_UK id="890480F7-EF55-E0F8-98B9-26FB7F338857" name="Aircraft_Model_PK">
<createdBy>User</createdBy>
<createdTime>2025-10-20 00:11:39 UTC</createdTime>
<ownerDesignName>Projekat49</ownerDesignName>
<pk>true</pk>
<indexState>Primary Constraint</indexState>
<isSurrogateKey>false</isSurrogateKey>
<indexColumnUsage>
<colUsage columnID="85BA6CBD-26B4-3A3E-1563-8D90BF338A8F"/>
</indexColumnUsage>
</ind_PK_UK>
</indexes>
</Table>