<?xml version = '1.0' encoding = 'UTF-8'?>
<Table class="oracle.dbtools.crest.model.design.relational.Table" directorySegmentName="seg_0" id="A40059FE-DA27-F1A2-03D0-77026BD22A2B" name="Tickets">
<createdBy>User</createdBy>
<createdTime>2025-10-07 12:50:18 UTC</createdTime>
<ownerDesignName>Projekat49</ownerDesignName>
<allowColumnReorder>false</allowColumnReorder>
<existDependencyGenerateInDDl>true</existDependencyGenerateInDDl>
<parsed>true</parsed>
<columns itemClass="oracle.dbtools.crest.model.design.relational.Column">
<Column name="id" id="D55B15A8-2FCD-9D86-9C32-E50EF917293E">
<createdBy>User</createdBy>
<createdTime>2025-10-07 12:51:01 UTC</createdTime>
<ownerDesignName>Projekat49</ownerDesignName>
<useDomainConstraints>false</useDomainConstraints>
<use>1</use>
<logicalDatatype>LOGDT011</logicalDatatype>
<ownDataTypeParameters>,,</ownDataTypeParameters>
<autoIncrementCycle>false</autoIncrementCycle>
</Column>
<Column name="class" id="E342C9D9-D548-E902-1F69-59349EFE12E0">
<createdBy>User</createdBy>
<createdTime>2025-10-07 12:51:01 UTC</createdTime>
<ownerDesignName>Projekat49</ownerDesignName>
<nullsAllowed>true</nullsAllowed>
<useDomainConstraints>false</useDomainConstraints>
<use>1</use>
<logicalDatatype>LOGDT024</logicalDatatype>
<dataTypeSize>20</dataTypeSize>
<ownDataTypeParameters>20,,</ownDataTypeParameters>
<autoIncrementCycle>false</autoIncrementCycle>
</Column>
<Column name="price" id="8DC9534B-8211-76B8-14F0-5E2AEF701807">
<createdBy>User</createdBy>
<createdTime>2025-10-07 12:51:01 UTC</createdTime>
<ownerDesignName>Projekat49</ownerDesignName>
<nullsAllowed>true</nullsAllowed>
<useDomainConstraints>false</useDomainConstraints>
<use>1</use>
<logicalDatatype>LOGDT026</logicalDatatype>
<dataTypePrecision>8</dataTypePrecision>
<dataTypeScale>2</dataTypeScale>
<ownDataTypeParameters>,8,2</ownDataTypeParameters>
<autoIncrementCycle>false</autoIncrementCycle>
</Column>
<Column name="Passengers_id" id="696A5ECE-8761-5E40-D4F1-991FB4131571">
<createdBy>User</createdBy>
<createdTime>2025-10-07 12:51:12 UTC</createdTime>
<ownerDesignName>Projekat49</ownerDesignName>
<useDomainConstraints>false</useDomainConstraints>
<use>1</use>
<logicalDatatype>LOGDT011</logicalDatatype>
<ownDataTypeParameters>,,</ownDataTypeParameters>
<previousColumn>false</previousColumn>
<autoIncrementCycle>false</autoIncrementCycle>
<associations>
<colAssociation fkAssociation="63738CF0-CE5D-DE48-7654-F62F1BD5076C" referredColumn="1EEB7808-D5BE-B2BD-1E5D-72659C43FE25"/>
</associations>
</Column>
<Column name="Reservation_id" id="6240A5C1-D1DF-7895-9FC2-337FA8480B36">
<createdBy>User</createdBy>
<createdTime>2025-10-07 12:51:15 UTC</createdTime>
<ownerDesignName>Projekat49</ownerDesignName>
<useDomainConstraints>false</useDomainConstraints>
<use>1</use>
<logicalDatatype>LOGDT011</logicalDatatype>
<ownDataTypeParameters>,,</ownDataTypeParameters>
<previousColumn>false</previousColumn>
<autoIncrementCycle>false</autoIncrementCycle>
<associations>
<colAssociation fkAssociation="9595CEF2-FDCD-718F-DE55-282F379271B7" referredColumn="3E16529A-0C8F-C588-84E5-0E8C904FA3B8"/>
</associations>
</Column>
<Column name="Seats_id" id="736F5815-5C9C-48E1-215A-2B4C4DA80FD5">
<createdBy>User</createdBy>
<createdTime>2025-10-12 21:28:55 UTC</createdTime>
<ownerDesignName>Projekat49</ownerDesignName>
<useDomainConstraints>false</useDomainConstraints>
<use>1</use>
<logicalDatatype>LOGDT011</logicalDatatype>
<ownDataTypeParameters>,,</ownDataTypeParameters>
<autoIncrementCycle>false</autoIncrementCycle>
<associations>
<colAssociation fkAssociation="E88FCE78-930A-4D0C-E57E-5114A1D450AA" referredColumn="9FA0F4ED-7D02-F970-35C2-5BBF5D413A43"/>
</associations>
</Column>
</columns>
<indexes itemClass="oracle.dbtools.crest.model.design.relational.Index">
<ind_PK_UK id="749F8649-AD81-03E9-8C30-D353046E96DD" name="Tickets_PK">
<createdBy>User</createdBy>
<createdTime>2025-10-07 12:51:01 UTC</createdTime>
<ownerDesignName>Projekat49</ownerDesignName>
<pk>true</pk>
<indexState>Primary Constraint</indexState>
<isSurrogateKey>false</isSurrogateKey>
<indexColumnUsage>
<colUsage columnID="D55B15A8-2FCD-9D86-9C32-E50EF917293E"/>
</indexColumnUsage>
</ind_PK_UK>
<ind_PK_UK id="7BD08492-7445-861C-E93B-BBFCE3E7E70D" name="Tickets_Passengers_FK">
<createdBy>User</createdBy>
<createdTime>2025-10-07 12:51:12 UTC</createdTime>
<ownerDesignName>Projekat49</ownerDesignName>
<indexState>Foreign Key</indexState>
<isSurrogateKey>false</isSurrogateKey>
<indexColumnUsage>
<colUsage columnID="696A5ECE-8761-5E40-D4F1-991FB4131571"/>
</indexColumnUsage>
</ind_PK_UK>
<ind_PK_UK id="F69B7AFA-6B24-E71A-206F-39300992EC0B" name="Tickets_Reservation_FK">
<createdBy>User</createdBy>
<createdTime>2025-10-07 12:51:15 UTC</createdTime>
<ownerDesignName>Projekat49</ownerDesignName>
<indexState>Foreign Key</indexState>
<isSurrogateKey>false</isSurrogateKey>
<indexColumnUsage>
<colUsage columnID="6240A5C1-D1DF-7895-9FC2-337FA8480B36"/>
</indexColumnUsage>
</ind_PK_UK>
<ind_PK_UK id="B318CB5A-CF8E-C460-D2CF-27EC58C58787" name="Tickets_Seats_FK">
<createdBy>User</createdBy>
<createdTime>2025-10-12 21:29:06 UTC</createdTime>
<ownerDesignName>Projekat49</ownerDesignName>
<indexState>Foreign Key</indexState>
<isSurrogateKey>false</isSurrogateKey>
<indexColumnUsage>
<colUsage columnID="736F5815-5C9C-48E1-215A-2B4C4DA80FD5"/>
</indexColumnUsage>
</ind_PK_UK>
</indexes>
</Table>