<?xml version = '1.0' encoding = 'UTF-8'?>
<Table class="oracle.dbtools.crest.model.design.relational.Table" directorySegmentName="seg_0" id="B33993BF-C22C-DDFD-56AE-F7C1D1F9B9A7" name="Seat_Class">
<createdBy>User</createdBy>
<createdTime>2025-10-20 00:22:30 UTC</createdTime>
<ownerDesignName>Projekat49</ownerDesignName>
<ordsAlias>table_17</ordsAlias>
<allowColumnReorder>false</allowColumnReorder>
<existDependencyGenerateInDDl>true</existDependencyGenerateInDDl>
<parsed>true</parsed>
<columns itemClass="oracle.dbtools.crest.model.design.relational.Column">
<Column name="id" id="E54647AA-15E4-CDBD-598B-99940A6263DE">
<createdBy>User</createdBy>
<createdTime>2025-10-20 00:25:16 UTC</createdTime>
<ownerDesignName>Projekat49</ownerDesignName>
<useDomainConstraints>false</useDomainConstraints>
<use>1</use>
<logicalDatatype>LOGDT011</logicalDatatype>
<ownDataTypeParameters>,,</ownDataTypeParameters>
<autoIncrementCycle>false</autoIncrementCycle>
</Column>
<Column name="name" id="BE42C26D-4A5E-4510-E555-B4CB2AF0E7E1">
<createdBy>User</createdBy>
<createdTime>2025-10-20 00:25:16 UTC</createdTime>
<ownerDesignName>Projekat49</ownerDesignName>
<useDomainConstraints>false</useDomainConstraints>
<use>1</use>
<logicalDatatype>LOGDT024</logicalDatatype>
<dataTypeSize>50</dataTypeSize>
<ownDataTypeParameters>50,,</ownDataTypeParameters>
<autoIncrementCycle>false</autoIncrementCycle>
</Column>
<Column name="description" id="913E1743-7DA8-F632-9CE3-177C49CBAAB0">
<createdBy>User</createdBy>
<createdTime>2025-10-20 00:25:16 UTC</createdTime>
<ownerDesignName>Projekat49</ownerDesignName>
<useDomainConstraints>false</useDomainConstraints>
<use>1</use>
<logicalDatatype>LOGDT024</logicalDatatype>
<dataTypeSize>500</dataTypeSize>
<ownDataTypeParameters>500,,</ownDataTypeParameters>
<autoIncrementCycle>false</autoIncrementCycle>
</Column>
<Column name="priority" id="16AAE51C-E160-3344-01D4-CECE5196E0CA">
<createdBy>User</createdBy>
<createdTime>2025-10-20 00:25:16 UTC</createdTime>
<ownerDesignName>Projekat49</ownerDesignName>
<useDomainConstraints>false</useDomainConstraints>
<use>1</use>
<logicalDatatype>LOGDT025</logicalDatatype>
<dataTypeSize>1</dataTypeSize>
<ownDataTypeParameters>1,,</ownDataTypeParameters>
<autoIncrementCycle>false</autoIncrementCycle>
</Column>
</columns>
<indexes itemClass="oracle.dbtools.crest.model.design.relational.Index">
<ind_PK_UK id="C8A0FA1D-5DEE-E49B-5BF0-F88DF34F9AD9" name="Seat_Class_PK">
<createdBy>User</createdBy>
<createdTime>2025-10-20 00:25:16 UTC</createdTime>
<ownerDesignName>Projekat49</ownerDesignName>
<pk>true</pk>
<indexState>Primary Constraint</indexState>
<isSurrogateKey>false</isSurrogateKey>
<indexColumnUsage>
<colUsage columnID="E54647AA-15E4-CDBD-598B-99940A6263DE"/>
</indexColumnUsage>
</ind_PK_UK>
</indexes>
</Table>