<?xml version = '1.0' encoding = 'UTF-8'?>
<Table class="oracle.dbtools.crest.model.design.relational.Table" directorySegmentName="seg_0" id="BA0601D8-11F0-F207-9C6D-3950CE9BE658" name="Cockpit_segment">
<createdBy>User</createdBy>
<createdTime>2025-10-26 20:07:18 UTC</createdTime>
<ownerDesignName>Projekat49</ownerDesignName>
<allowColumnReorder>false</allowColumnReorder>
<existDependencyGenerateInDDl>true</existDependencyGenerateInDDl>
<parsed>true</parsed>
<columns itemClass="oracle.dbtools.crest.model.design.relational.Column">
<Column name="id" id="57F819F0-3FCB-71F7-5C87-C197FD69FD61">
<createdBy>User</createdBy>
<createdTime>2025-10-26 20:18:10 UTC</createdTime>
<ownerDesignName>Projekat49</ownerDesignName>
<useDomainConstraints>false</useDomainConstraints>
<use>1</use>
<logicalDatatype>LOGDT011</logicalDatatype>
<ownDataTypeParameters>,,</ownDataTypeParameters>
<autoIncrementCycle>false</autoIncrementCycle>
</Column>
<Column name="panel_type" id="47755A91-DDD9-CEC6-D6C4-EB762E9C366C">
<createdBy>User</createdBy>
<createdTime>2025-10-26 20:18:10 UTC</createdTime>
<ownerDesignName>Projekat49</ownerDesignName>
<nullsAllowed>true</nullsAllowed>
<useDomainConstraints>false</useDomainConstraints>
<use>1</use>
<logicalDatatype>LOGDT024</logicalDatatype>
<dataTypeSize>50</dataTypeSize>
<ownDataTypeParameters>50,,</ownDataTypeParameters>
<autoIncrementCycle>false</autoIncrementCycle>
</Column>
<Column name="Layout_Segment_id" id="D1CE7E8C-F1C4-14EC-768B-995E292A9375">
<createdBy>User</createdBy>
<createdTime>2025-10-26 20:13:18 UTC</createdTime>
<ownerDesignName>Projekat49</ownerDesignName>
<useDomainConstraints>false</useDomainConstraints>
<use>1</use>
<logicalDatatype>LOGDT011</logicalDatatype>
<ownDataTypeParameters>,,</ownDataTypeParameters>
<previousColumn>false</previousColumn>
<autoIncrementCycle>false</autoIncrementCycle>
<associations>
<colAssociation fkAssociation="46CBFDD9-777E-319C-4B6D-EA87B4701335" referredColumn="B74173E5-B7A0-9A6A-D9E4-64AC5CF365E3"/>
</associations>
</Column>
</columns>
<indexes itemClass="oracle.dbtools.crest.model.design.relational.Index">
<ind_PK_UK id="A1DB821C-291A-D886-D27B-B3BE6CDE9A9E" name="Cockpit_segment_PK">
<createdBy>User</createdBy>
<createdTime>2025-10-26 20:18:10 UTC</createdTime>
<ownerDesignName>Projekat49</ownerDesignName>
<pk>true</pk>
<indexState>Primary Constraint</indexState>
<isSurrogateKey>false</isSurrogateKey>
<indexColumnUsage>
<colUsage columnID="57F819F0-3FCB-71F7-5C87-C197FD69FD61"/>
</indexColumnUsage>
</ind_PK_UK>
<ind_PK_UK id="8D8CEBDB-E912-4688-4A10-CF156D14FF15" name="Cockpit_segment_Layout_Segment_FK">
<createdBy>User</createdBy>
<createdTime>2025-10-26 20:13:18 UTC</createdTime>
<ownerDesignName>Projekat49</ownerDesignName>
<indexState>Foreign Key</indexState>
<isSurrogateKey>false</isSurrogateKey>
<indexColumnUsage>
<colUsage columnID="D1CE7E8C-F1C4-14EC-768B-995E292A9375"/>
</indexColumnUsage>
</ind_PK_UK>
</indexes>
</Table>