<?xml version = '1.0' encoding = 'UTF-8'?>
<Table class="oracle.dbtools.crest.model.design.relational.Table" directorySegmentName="seg_0" id="BF38E642-5C66-EEE1-06FB-56EB7A71025A" name="Passenger_segment">
<createdBy>User</createdBy>
<createdTime>2025-10-26 20:07:30 UTC</createdTime>
<ownerDesignName>Projekat49</ownerDesignName>
<allowColumnReorder>false</allowColumnReorder>
<existDependencyGenerateInDDl>true</existDependencyGenerateInDDl>
<parsed>true</parsed>
<columns itemClass="oracle.dbtools.crest.model.design.relational.Column">
<Column name="id" id="391B0CD0-766E-3C5B-C6BA-60DFC5AE3DAE">
<createdBy>User</createdBy>
<createdTime>2025-10-26 20:22:45 UTC</createdTime>
<ownerDesignName>Projekat49</ownerDesignName>
<useDomainConstraints>false</useDomainConstraints>
<use>1</use>
<logicalDatatype>LOGDT011</logicalDatatype>
<ownDataTypeParameters>,,</ownDataTypeParameters>
<autoIncrementCycle>false</autoIncrementCycle>
</Column>
<Column name="num_of_rows" id="24237390-4102-AA1F-6AB5-0DE01A5C6316">
<createdBy>User</createdBy>
<createdTime>2025-10-26 20:22:45 UTC</createdTime>
<ownerDesignName>Projekat49</ownerDesignName>
<nullsAllowed>true</nullsAllowed>
<useDomainConstraints>false</useDomainConstraints>
<use>1</use>
<logicalDatatype>LOGDT011</logicalDatatype>
<ownDataTypeParameters>,,</ownDataTypeParameters>
<autoIncrementCycle>false</autoIncrementCycle>
</Column>
<Column name="seats_per_row" id="A00F663C-33F1-C5A0-CD5F-C952CB9C4D5C">
<createdBy>User</createdBy>
<createdTime>2025-10-26 20:22:45 UTC</createdTime>
<ownerDesignName>Projekat49</ownerDesignName>
<useDomainConstraints>false</useDomainConstraints>
<use>1</use>
<logicalDatatype>LOGDT011</logicalDatatype>
<ownDataTypeParameters>,,</ownDataTypeParameters>
<autoIncrementCycle>false</autoIncrementCycle>
</Column>
<Column name="row_layout" id="D989FBFF-0D44-9C00-76C9-10434E7CF4F4">
<createdBy>User</createdBy>
<createdTime>2025-10-26 20:22:45 UTC</createdTime>
<ownerDesignName>Projekat49</ownerDesignName>
<nullsAllowed>true</nullsAllowed>
<useDomainConstraints>false</useDomainConstraints>
<use>1</use>
<logicalDatatype>LOGDT024</logicalDatatype>
<dataTypeSize>50</dataTypeSize>
<ownDataTypeParameters>50,,</ownDataTypeParameters>
<autoIncrementCycle>false</autoIncrementCycle>
</Column>
<Column name="num_of_toilets" id="74E5AF22-5BCB-C59E-CF16-A7B1633A350F">
<createdBy>User</createdBy>
<createdTime>2025-10-26 20:22:45 UTC</createdTime>
<ownerDesignName>Projekat49</ownerDesignName>
<nullsAllowed>true</nullsAllowed>
<useDomainConstraints>false</useDomainConstraints>
<use>1</use>
<logicalDatatype>LOGDT011</logicalDatatype>
<ownDataTypeParameters>,,</ownDataTypeParameters>
<autoIncrementCycle>false</autoIncrementCycle>
</Column>
<Column name="num_of_exits" id="69CB84B7-6C24-428F-7E2B-13F31FA41C18">
<createdBy>User</createdBy>
<createdTime>2025-10-26 20:22:45 UTC</createdTime>
<ownerDesignName>Projekat49</ownerDesignName>
<nullsAllowed>true</nullsAllowed>
<useDomainConstraints>false</useDomainConstraints>
<use>1</use>
<logicalDatatype>LOGDT011</logicalDatatype>
<ownDataTypeParameters>,,</ownDataTypeParameters>
<autoIncrementCycle>false</autoIncrementCycle>
</Column>
<Column name="Layout_Segment_id" id="284A4AE1-2B4D-47AB-BE23-36F258D89EC4">
<createdBy>User</createdBy>
<createdTime>2025-10-26 20:13:25 UTC</createdTime>
<ownerDesignName>Projekat49</ownerDesignName>
<useDomainConstraints>false</useDomainConstraints>
<use>1</use>
<logicalDatatype>LOGDT011</logicalDatatype>
<ownDataTypeParameters>,,</ownDataTypeParameters>
<previousColumn>false</previousColumn>
<autoIncrementCycle>false</autoIncrementCycle>
<associations>
<colAssociation fkAssociation="C6ACCD09-750F-0873-969D-09A764445B03" referredColumn="B74173E5-B7A0-9A6A-D9E4-64AC5CF365E3"/>
</associations>
</Column>
</columns>
<indexes itemClass="oracle.dbtools.crest.model.design.relational.Index">
<ind_PK_UK id="C9BA1D8F-858A-9EB3-693B-D6CF199937E8" name="Passenger_segment_PK">
<createdBy>User</createdBy>
<createdTime>2025-10-26 20:22:45 UTC</createdTime>
<ownerDesignName>Projekat49</ownerDesignName>
<pk>true</pk>
<indexState>Primary Constraint</indexState>
<isSurrogateKey>false</isSurrogateKey>
<indexColumnUsage>
<colUsage columnID="391B0CD0-766E-3C5B-C6BA-60DFC5AE3DAE"/>
</indexColumnUsage>
</ind_PK_UK>
<ind_PK_UK id="C36C3E03-88A8-A32A-BFD8-61158454A0F5" name="Passenger_segment_Layout_Segment_FK">
<createdBy>User</createdBy>
<createdTime>2025-10-26 20:13:25 UTC</createdTime>
<ownerDesignName>Projekat49</ownerDesignName>
<indexState>Foreign Key</indexState>
<isSurrogateKey>false</isSurrogateKey>
<indexColumnUsage>
<colUsage columnID="284A4AE1-2B4D-47AB-BE23-36F258D89EC4"/>
</indexColumnUsage>
</ind_PK_UK>
</indexes>
</Table>