<?xml version = '1.0' encoding = 'UTF-8'?>
<Table class="oracle.dbtools.crest.model.design.relational.Table" directorySegmentName="seg_0" id="D4A549B6-A927-564F-B3A2-06E898E408B7" name="Extra_baggage">
<createdBy>Win 11</createdBy>
<createdTime>2025-11-02 18:29:00 UTC</createdTime>
<generatorID>E01BA641-4D23-03D9-9C6D-F4DAB28E0CE8</generatorID>
<ownerDesignName>Projekat49</ownerDesignName>
<allowColumnReorder>false</allowColumnReorder>
<existDependencyGenerateInDDl>true</existDependencyGenerateInDDl>
<parsed>true</parsed>
<columns itemClass="oracle.dbtools.crest.model.design.relational.Column">
<Column name="id" id="528F4695-8475-D439-D235-9B4517C22F74">
<createdBy>Win 11</createdBy>
<createdTime>2025-11-02 18:29:00 UTC</createdTime>
<generatorID>36BB0656-1504-1806-A953-4EC007DE5A38</generatorID>
<ownerDesignName>Projekat49</ownerDesignName>
<useDomainConstraints>false</useDomainConstraints>
<use>1</use>
<logicalDatatype>LOGDT011</logicalDatatype>
<ownDataTypeParameters>,,</ownDataTypeParameters>
<autoIncrementCycle>false</autoIncrementCycle>
</Column>
<Column name="weight_kg" id="833BCAC1-25ED-0C5A-D1B9-F0E130DAD686">
<createdBy>Win 11</createdBy>
<createdTime>2025-11-02 18:29:00 UTC</createdTime>
<generatorID>4E6C23AB-0BEF-4C43-0F8F-9B769D448430</generatorID>
<ownerDesignName>Projekat49</ownerDesignName>
<useDomainConstraints>false</useDomainConstraints>
<use>1</use>
<logicalDatatype>LOGDT021</logicalDatatype>
<ownDataTypeParameters>,,</ownDataTypeParameters>
<autoIncrementCycle>false</autoIncrementCycle>
</Column>
<Column name="Baggage_id" id="0CCDE1F6-525B-3987-0093-FFCDB21A78E1">
<createdBy>Win 11</createdBy>
<createdTime>2025-11-02 18:29:00 UTC</createdTime>
<generatorID>758A259F-37DE-FEB2-498E-7916112B8CFB</generatorID>
<ownerDesignName>Projekat49</ownerDesignName>
<useDomainConstraints>false</useDomainConstraints>
<use>1</use>
<logicalDatatype>LOGDT011</logicalDatatype>
<ownDataTypeParameters>,,</ownDataTypeParameters>
<previousColumn>false</previousColumn>
<autoIncrementCycle>false</autoIncrementCycle>
<associations>
<colAssociation fkAssociation="C0B254ED-3A6A-2D25-FC82-C82FC4120E42" referredColumn="4F28E2E5-587B-6BCA-75EC-C0B4BA75DAE3"/>
</associations>
</Column>
<Column name="extra_fee" id="3B727CB2-A8E5-884F-B8AF-6EE2CBDE012E">
<createdBy>Win 11</createdBy>
<createdTime>2025-11-02 18:29:00 UTC</createdTime>
<generatorID>7DE8F829-87F9-B8CD-98E5-29C4DD8163AA</generatorID>
<ownerDesignName>Projekat49</ownerDesignName>
<useDomainConstraints>false</useDomainConstraints>
<use>1</use>
<logicalDatatype>LOGDT021</logicalDatatype>
<ownDataTypeParameters>,,</ownDataTypeParameters>
<autoIncrementCycle>false</autoIncrementCycle>
</Column>
<Column name="Baggage_type_id" id="9347200A-BEB2-8997-E68A-5BFE72696238">
<createdBy>Win 11</createdBy>
<createdTime>2025-11-02 18:29:00 UTC</createdTime>
<generatorID>A4CE2827-C37E-30D1-7D5D-879ECEA2300F</generatorID>
<ownerDesignName>Projekat49</ownerDesignName>
<useDomainConstraints>false</useDomainConstraints>
<use>1</use>
<logicalDatatype>LOGDT011</logicalDatatype>
<ownDataTypeParameters>,,</ownDataTypeParameters>
<previousColumn>false</previousColumn>
<autoIncrementCycle>false</autoIncrementCycle>
<associations>
<colAssociation fkAssociation="2206CB3C-859F-6382-91EB-4F205700B8D2" referredColumn="3BD7B9A6-6641-9ADD-2974-C1FF3483B1CF"/>
</associations>
</Column>
</columns>
<indexes itemClass="oracle.dbtools.crest.model.design.relational.Index">
<ind_PK_UK id="E4F9132E-5FAD-1AB5-F5A4-2BE68F552C9A" name="Extra_baggage_PK">
<createdBy>Win 11</createdBy>
<createdTime>2025-11-02 18:29:00 UTC</createdTime>
<generatorID>C1B59EA5-30D5-8565-68EE-012BB117D39A</generatorID>
<ownerDesignName>Projekat49</ownerDesignName>
<pk>true</pk>
<indexState>Primary Constraint</indexState>
<isSurrogateKey>false</isSurrogateKey>
<indexColumnUsage>
<colUsage columnID="528F4695-8475-D439-D235-9B4517C22F74"/>
</indexColumnUsage>
</ind_PK_UK>
<ind_PK_UK id="8D9D8477-2A64-733D-2BBB-DD52368BD064" name="Extra_baggage_Baggage_FK">
<createdBy>Win 11</createdBy>
<createdTime>2025-11-02 18:29:00 UTC</createdTime>
<generatorID>75729AC0-6264-BC8A-8881-FFBF9463D493</generatorID>
<ownerDesignName>Projekat49</ownerDesignName>
<indexState>Foreign Key</indexState>
<isSurrogateKey>false</isSurrogateKey>
<indexColumnUsage>
<colUsage columnID="0CCDE1F6-525B-3987-0093-FFCDB21A78E1"/>
</indexColumnUsage>
</ind_PK_UK>
<ind_PK_UK id="41D2FBCD-EDC7-281D-0E96-6A83BBB14E82" name="Extra_baggage_Baggage_type_FK">
<createdBy>Win 11</createdBy>
<createdTime>2025-11-02 18:29:00 UTC</createdTime>
<generatorID>89A76C4A-F397-BBFF-83DF-949A8EB461AD</generatorID>
<ownerDesignName>Projekat49</ownerDesignName>
<indexState>Foreign Key</indexState>
<isSurrogateKey>false</isSurrogateKey>
<indexColumnUsage>
<colUsage columnID="9347200A-BEB2-8997-E68A-5BFE72696238"/>
</indexColumnUsage>
</ind_PK_UK>
</indexes>
</Table>