<?xml version = '1.0' encoding = 'UTF-8'?>
<Table class="oracle.dbtools.crest.model.design.relational.Table" directorySegmentName="seg_0" id="D6EED2C6-1D9E-E0B9-2312-FE44A0036435" name="Layout_Segment">
<createdBy>User</createdBy>
<createdTime>2025-10-26 19:55:28 UTC</createdTime>
<ownerDesignName>Projekat49</ownerDesignName>
<ordsAlias>table_28</ordsAlias>
<allowColumnReorder>false</allowColumnReorder>
<existDependencyGenerateInDDl>true</existDependencyGenerateInDDl>
<parsed>true</parsed>
<columns itemClass="oracle.dbtools.crest.model.design.relational.Column">
<Column name="id" id="B74173E5-B7A0-9A6A-D9E4-64AC5CF365E3">
<createdBy>User</createdBy>
<createdTime>2025-10-26 19:58:34 UTC</createdTime>
<ownerDesignName>Projekat49</ownerDesignName>
<useDomainConstraints>false</useDomainConstraints>
<use>1</use>
<logicalDatatype>LOGDT011</logicalDatatype>
<ownDataTypeParameters>,,</ownDataTypeParameters>
<autoIncrementCycle>false</autoIncrementCycle>
</Column>
<Column name="segment_type" id="AB5651AE-1A93-E6E5-C2F0-F74668D9095A">
<createdBy>User</createdBy>
<createdTime>2025-10-26 19:58:34 UTC</createdTime>
<ownerDesignName>Projekat49</ownerDesignName>
<useDomainConstraints>false</useDomainConstraints>
<use>1</use>
<logicalDatatype>LOGDT024</logicalDatatype>
<dataTypeSize>50</dataTypeSize>
<ownDataTypeParameters>50,,</ownDataTypeParameters>
<autoIncrementCycle>false</autoIncrementCycle>
</Column>
<Column name="description" id="D740B003-524E-2AB7-ADA7-A47DF643CB7B">
<createdBy>User</createdBy>
<createdTime>2025-10-26 19:58:34 UTC</createdTime>
<ownerDesignName>Projekat49</ownerDesignName>
<nullsAllowed>true</nullsAllowed>
<useDomainConstraints>false</useDomainConstraints>
<use>1</use>
<logicalDatatype>LOGDT024</logicalDatatype>
<dataTypeSize>500</dataTypeSize>
<ownDataTypeParameters>500,,</ownDataTypeParameters>
<autoIncrementCycle>false</autoIncrementCycle>
</Column>
<Column name="area_m2" id="9FF371FF-068F-8704-35E9-05CE80F43500">
<createdBy>User</createdBy>
<createdTime>2025-10-26 19:58:34 UTC</createdTime>
<ownerDesignName>Projekat49</ownerDesignName>
<nullsAllowed>true</nullsAllowed>
<useDomainConstraints>false</useDomainConstraints>
<use>1</use>
<logicalDatatype>LOGDT026</logicalDatatype>
<dataTypePrecision>6</dataTypePrecision>
<dataTypeScale>2</dataTypeScale>
<ownDataTypeParameters>,6,2</ownDataTypeParameters>
<autoIncrementCycle>false</autoIncrementCycle>
</Column>
<Column name="Aircrafts_Layout_id" id="A07D5116-EFD5-94C1-3CC3-0089722336CA">
<createdBy>User</createdBy>
<createdTime>2025-10-26 19:59:32 UTC</createdTime>
<ownerDesignName>Projekat49</ownerDesignName>
<useDomainConstraints>false</useDomainConstraints>
<use>1</use>
<logicalDatatype>LOGDT011</logicalDatatype>
<ownDataTypeParameters>,,</ownDataTypeParameters>
<previousColumn>false</previousColumn>
<autoIncrementCycle>false</autoIncrementCycle>
<associations>
<colAssociation fkAssociation="2C445C51-1266-F754-FE45-A38E9F60098C" referredColumn="CA54B591-2422-9B67-5FA7-A7FBD7CDA40A"/>
</associations>
</Column>
</columns>
<indexes itemClass="oracle.dbtools.crest.model.design.relational.Index">
<ind_PK_UK id="BF96BBAF-8DDD-881A-D864-2A3761EE7420" name="Layout_Segment_PK">
<createdBy>User</createdBy>
<createdTime>2025-10-26 19:59:09 UTC</createdTime>
<ownerDesignName>Projekat49</ownerDesignName>
<pk>true</pk>
<indexState>Primary Constraint</indexState>
<isSurrogateKey>false</isSurrogateKey>
<indexColumnUsage>
<colUsage columnID="B74173E5-B7A0-9A6A-D9E4-64AC5CF365E3"/>
</indexColumnUsage>
</ind_PK_UK>
<ind_PK_UK id="2A10BEFD-FA0F-907E-1864-5C58EDC9EEC2" name="Layout_Segment_Aircrafts_Layout_FK">
<createdBy>User</createdBy>
<createdTime>2025-10-26 19:59:32 UTC</createdTime>
<ownerDesignName>Projekat49</ownerDesignName>
<indexState>Foreign Key</indexState>
<isSurrogateKey>false</isSurrogateKey>
<indexColumnUsage>
<colUsage columnID="A07D5116-EFD5-94C1-3CC3-0089722336CA"/>
</indexColumnUsage>
</ind_PK_UK>
</indexes>
</Table>