<?xml version = '1.0' encoding = 'UTF-8'?>
<Table class="oracle.dbtools.crest.model.design.relational.Table" directorySegmentName="seg_0" id="D87BB386-3B37-4F32-93F8-683B942F020F" name="Maintenance_Task">
<createdBy>User</createdBy>
<createdTime>2025-10-26 23:36:41 UTC</createdTime>
<ownerDesignName>Projekat49</ownerDesignName>
<ordsAlias>table_30</ordsAlias>
<allowColumnReorder>false</allowColumnReorder>
<existDependencyGenerateInDDl>true</existDependencyGenerateInDDl>
<parsed>true</parsed>
<columns itemClass="oracle.dbtools.crest.model.design.relational.Column">
<Column name="id" id="8DCA4ABA-7B09-DD40-AD49-02CBA6EEE14A">
<createdBy>User</createdBy>
<createdTime>2025-10-26 23:39:23 UTC</createdTime>
<ownerDesignName>Projekat49</ownerDesignName>
<useDomainConstraints>false</useDomainConstraints>
<use>1</use>
<logicalDatatype>LOGDT011</logicalDatatype>
<ownDataTypeParameters>,,</ownDataTypeParameters>
<autoIncrementCycle>false</autoIncrementCycle>
</Column>
<Column name="Aircraft_Maintenance_id" id="240E57CF-36FC-7A47-588F-322D2845377A">
<createdBy>User</createdBy>
<createdTime>2025-10-26 23:39:23 UTC</createdTime>
<ownerDesignName>Projekat49</ownerDesignName>
<useDomainConstraints>false</useDomainConstraints>
<use>1</use>
<logicalDatatype>LOGDT011</logicalDatatype>
<ownDataTypeParameters>,,</ownDataTypeParameters>
<autoIncrementCycle>false</autoIncrementCycle>
<associations>
<colAssociation fkAssociation="A53DE486-0FB4-35B8-F825-427C4D238F6F" referredColumn="19CD32AD-2D63-4A3E-D03F-84CE922FE2BD"/>
</associations>
</Column>
<Column name="task_description" id="3D15C0E0-4B4F-943A-96D7-12794CB287EF">
<createdBy>User</createdBy>
<createdTime>2025-10-26 23:39:23 UTC</createdTime>
<ownerDesignName>Projekat49</ownerDesignName>
<useDomainConstraints>false</useDomainConstraints>
<use>1</use>
<logicalDatatype>LOGDT024</logicalDatatype>
<dataTypeSize>200</dataTypeSize>
<ownDataTypeParameters>200,,</ownDataTypeParameters>
<autoIncrementCycle>false</autoIncrementCycle>
</Column>
<Column name="Parts_id" id="AA3AB376-D8EC-F607-B32B-7D23D6CEE1AB">
<createdBy>User</createdBy>
<createdTime>2025-10-26 23:39:23 UTC</createdTime>
<ownerDesignName>Projekat49</ownerDesignName>
<useDomainConstraints>false</useDomainConstraints>
<use>1</use>
<logicalDatatype>LOGDT011</logicalDatatype>
<ownDataTypeParameters>,,</ownDataTypeParameters>
<autoIncrementCycle>false</autoIncrementCycle>
<associations>
<colAssociation fkAssociation="A2428EF5-8C68-6C86-482C-1AEEFCAA6BD6" referredColumn="E8062AF4-464C-31F6-E391-DE118D78D693"/>
</associations>
</Column>
<Column name="hours_spent" id="4E6A654B-7856-A369-C314-1BF45EDE370C">
<createdBy>User</createdBy>
<createdTime>2025-10-26 23:39:23 UTC</createdTime>
<ownerDesignName>Projekat49</ownerDesignName>
<nullsAllowed>true</nullsAllowed>
<useDomainConstraints>false</useDomainConstraints>
<use>1</use>
<logicalDatatype>LOGDT011</logicalDatatype>
<ownDataTypeParameters>,,</ownDataTypeParameters>
<autoIncrementCycle>false</autoIncrementCycle>
</Column>
<Column name="Technician_id" id="6E0050F4-47BA-AF42-A84E-CD008DB00AE6">
<createdBy>User</createdBy>
<createdTime>2025-10-26 23:39:23 UTC</createdTime>
<ownerDesignName>Projekat49</ownerDesignName>
<useDomainConstraints>false</useDomainConstraints>
<use>1</use>
<logicalDatatype>LOGDT011</logicalDatatype>
<ownDataTypeParameters>,,</ownDataTypeParameters>
<autoIncrementCycle>false</autoIncrementCycle>
<associations>
<colAssociation fkAssociation="4B4E054E-DF80-AFE0-1917-06E4EAE9AF08" referredColumn="9FA04DF2-E071-4154-13D7-4D0983C7557F"/>
</associations>
</Column>
<Column name="status" id="AEBC0CC4-BE71-9EE3-686C-C5432C2311F7">
<createdBy>User</createdBy>
<createdTime>2025-10-26 23:39:23 UTC</createdTime>
<ownerDesignName>Projekat49</ownerDesignName>
<useDomainConstraints>false</useDomainConstraints>
<use>1</use>
<logicalDatatype>LOGDT024</logicalDatatype>
<dataTypeSize>50</dataTypeSize>
<ownDataTypeParameters>50,,</ownDataTypeParameters>
<autoIncrementCycle>false</autoIncrementCycle>
</Column>
<Column name="cost" id="AE5A7A11-06E9-8EBA-A87B-DE5AFE14E8A4">
<createdBy>User</createdBy>
<createdTime>2025-10-26 23:56:09 UTC</createdTime>
<ownerDesignName>Projekat49</ownerDesignName>
<nullsAllowed>true</nullsAllowed>
<useDomainConstraints>false</useDomainConstraints>
<use>1</use>
<logicalDatatype>LOGDT026</logicalDatatype>
<dataTypePrecision>10</dataTypePrecision>
<dataTypeScale>2</dataTypeScale>
<ownDataTypeParameters>,10,2</ownDataTypeParameters>
<autoIncrementCycle>false</autoIncrementCycle>
</Column>
</columns>
<indexes itemClass="oracle.dbtools.crest.model.design.relational.Index">
<ind_PK_UK id="BD4813DD-3CBD-8C62-EF29-8461E98CF368" name="Maintenance_Task_PK">
<createdBy>User</createdBy>
<createdTime>2025-10-26 23:39:23 UTC</createdTime>
<ownerDesignName>Projekat49</ownerDesignName>
<pk>true</pk>
<indexState>Primary Constraint</indexState>
<isSurrogateKey>false</isSurrogateKey>
<indexColumnUsage>
<colUsage columnID="8DCA4ABA-7B09-DD40-AD49-02CBA6EEE14A"/>
</indexColumnUsage>
</ind_PK_UK>
<ind_PK_UK id="886E6EA2-E2A0-68DE-9AC3-2792F41F6F6D" name="Maintenance_Task_Parts_FK">
<createdBy>User</createdBy>
<createdTime>2025-10-26 23:40:33 UTC</createdTime>
<ownerDesignName>Projekat49</ownerDesignName>
<indexState>Foreign Key</indexState>
<isSurrogateKey>false</isSurrogateKey>
<indexColumnUsage>
<colUsage columnID="AA3AB376-D8EC-F607-B32B-7D23D6CEE1AB"/>
</indexColumnUsage>
</ind_PK_UK>
<ind_PK_UK id="54033586-FC64-B1C7-33A2-7BA6D123BB42" name="Maintenance_Task_Aircraft_Maintenance_FK">
<createdBy>User</createdBy>
<createdTime>2025-10-26 23:40:40 UTC</createdTime>
<ownerDesignName>Projekat49</ownerDesignName>
<indexState>Foreign Key</indexState>
<isSurrogateKey>false</isSurrogateKey>
<indexColumnUsage>
<colUsage columnID="240E57CF-36FC-7A47-588F-322D2845377A"/>
</indexColumnUsage>
</ind_PK_UK>
<ind_PK_UK id="B361694A-991F-565D-D538-640B0D832D6F" name="Maintenance_Task_Technician_FK">
<createdBy>User</createdBy>
<createdTime>2025-10-26 23:44:35 UTC</createdTime>
<ownerDesignName>Projekat49</ownerDesignName>
<indexState>Foreign Key</indexState>
<isSurrogateKey>false</isSurrogateKey>
<indexColumnUsage>
<colUsage columnID="6E0050F4-47BA-AF42-A84E-CD008DB00AE6"/>
</indexColumnUsage>
</ind_PK_UK>
</indexes>
</Table>