<?xml version = '1.0' encoding = 'UTF-8'?>
<Table class="oracle.dbtools.crest.model.design.relational.Table" directorySegmentName="seg_0" id="E88B378C-5A33-329A-35A1-80E34F7F16D9" name="Employee_type">
<createdBy>viden</createdBy>
<createdTime>2025-10-27 01:46:17 UTC</createdTime>
<ownerDesignName>Projekat49</ownerDesignName>
<ordsAlias>table_42</ordsAlias>
<allowColumnReorder>false</allowColumnReorder>
<existDependencyGenerateInDDl>true</existDependencyGenerateInDDl>
<parsed>true</parsed>
<columns itemClass="oracle.dbtools.crest.model.design.relational.Column">
<Column name="id" id="D4630C4A-FFD4-26F0-AF24-3B13F912C59F">
<createdBy>viden</createdBy>
<createdTime>2025-10-27 01:47:03 UTC</createdTime>
<ownerDesignName>Projekat49</ownerDesignName>
<useDomainConstraints>false</useDomainConstraints>
<use>1</use>
<logicalDatatype>LOGDT011</logicalDatatype>
<ownDataTypeParameters>,,</ownDataTypeParameters>
<autoIncrementCycle>false</autoIncrementCycle>
</Column>
<Column name="name" id="81ACD828-C942-FBB0-CAC2-B75FAA9F3D42">
<createdBy>viden</createdBy>
<createdTime>2025-10-27 01:47:03 UTC</createdTime>
<ownerDesignName>Projekat49</ownerDesignName>
<useDomainConstraints>false</useDomainConstraints>
<use>1</use>
<logicalDatatype>LOGDT024</logicalDatatype>
<dataTypeSize>20</dataTypeSize>
<ownDataTypeParameters>20,,</ownDataTypeParameters>
<autoIncrementCycle>false</autoIncrementCycle>
</Column>
</columns>
<indexes itemClass="oracle.dbtools.crest.model.design.relational.Index">
<ind_PK_UK id="5F4AA659-8293-99F0-929D-42448F448ACC" name="Employee_type_PK">
<createdBy>viden</createdBy>
<createdTime>2025-10-27 01:47:03 UTC</createdTime>
<ownerDesignName>Projekat49</ownerDesignName>
<pk>true</pk>
<indexState>Primary Constraint</indexState>
<isSurrogateKey>false</isSurrogateKey>
<indexColumnUsage>
<colUsage columnID="D4630C4A-FFD4-26F0-AF24-3B13F912C59F"/>
</indexColumnUsage>
</ind_PK_UK>
</indexes>
</Table>