<?xml version = '1.0' encoding = 'UTF-8'?>
<FKIndexAssociation class="oracle.dbtools.crest.model.design.relational.FKIndexAssociation" directorySegmentName="seg_0" id="0BE3735D-EA0C-E7EE-19D3-A3F55BCE6685" containerWithKeyObject="0E23AAFD-B6A3-894C-D096-7547030467B1" localFKIndex="0B623883-6331-CDD1-7F2D-AD1361164978" name="Reservation_Passenger_Passengers_FK">
<createdBy>viden</createdBy>
<createdTime>2025-10-20 01:19:06 UTC</createdTime>
<ownerDesignName>Projekat49</ownerDesignName>
<referredTableLongName>Passengers</referredTableLongName>
<deleteRule>NO ACTION</deleteRule>
<referredTableID>14406055-AEA1-C233-225C-A2AF5AB064F6</referredTableID>
<keyObject>74445623-66ED-6254-9017-F0BF49D1BBDE</keyObject>
<referredKeyID>74445623-66ED-6254-9017-F0BF49D1BBDE</referredKeyID>
<mandatory>true</mandatory>
<refColNames>id</refColNames>
<transferable>true</transferable>
<rely>false</rely>
<columnDependencyConstraintGenerateInDDL>true</columnDependencyConstraintGenerateInDDL>
</FKIndexAssociation>