<?xml version = '1.0' encoding = 'UTF-8'?>
<FKIndexAssociation class="oracle.dbtools.crest.model.design.relational.FKIndexAssociation" directorySegmentName="seg_0" id="0BF435BF-D94F-EABD-87D0-151CEB862B84" containerWithKeyObject="69E259CC-FD76-0335-A0C8-D5F7777D58EA" localFKIndex="45991F59-C2B8-DB54-F525-8B23117C3C84" name="Boardings_Flights_FK">
<createdBy>viden</createdBy>
<createdTime>2025-10-27 00:55:51 UTC</createdTime>
<ownerDesignName>Projekat49</ownerDesignName>
<referredTableLongName>Flights</referredTableLongName>
<deleteRule>NO ACTION</deleteRule>
<referredTableID>5F84DBA3-E7EB-F9F5-E198-7655233F1E6D</referredTableID>
<keyObject>393CFB52-CA40-CF31-6109-5F8D38B38EF7</keyObject>
<referredKeyID>393CFB52-CA40-CF31-6109-5F8D38B38EF7</referredKeyID>
<mandatory>true</mandatory>
<refColNames>id</refColNames>
<transferable>true</transferable>
<rely>false</rely>
<columnDependencyConstraintGenerateInDDL>true</columnDependencyConstraintGenerateInDDL>
</FKIndexAssociation>