<?xml version = '1.0' encoding = 'UTF-8'?>
<FKIndexAssociation class="oracle.dbtools.crest.model.design.relational.FKIndexAssociation" directorySegmentName="seg_0" id="1084F8AD-1DEB-6E98-8CC5-6618D2E76BCF" containerWithKeyObject="44074F14-21A2-C3D4-5C74-184C1945634D" localFKIndex="CB098958-D63F-0F9C-F02C-1E7FE8A56838" name="Permits_Permit_status_FK">
<createdBy>viden</createdBy>
<createdTime>2025-10-27 01:07:02 UTC</createdTime>
<ownerDesignName>Projekat49</ownerDesignName>
<referredTableLongName>Permit_status</referredTableLongName>
<deleteRule>NO ACTION</deleteRule>
<referredTableID>03BE1F11-B910-0F82-5EA7-16CDDDE1A089</referredTableID>
<keyObject>9D319E97-70E1-564E-1CCD-3EF7C4A6B201</keyObject>
<referredKeyID>9D319E97-70E1-564E-1CCD-3EF7C4A6B201</referredKeyID>
<mandatory>true</mandatory>
<refColNames>id</refColNames>
<transferable>true</transferable>
<rely>false</rely>
<columnDependencyConstraintGenerateInDDL>true</columnDependencyConstraintGenerateInDDL>
</FKIndexAssociation>