<?xml version = '1.0' encoding = 'UTF-8'?>
<FKIndexAssociation class="oracle.dbtools.crest.model.design.relational.FKIndexAssociation" directorySegmentName="seg_0" id="167A9900-CB5D-A1A0-B379-7FCA67BEE36D" containerWithKeyObject="03F08051-3BB8-1625-71A2-137071865410" localFKIndex="63A2F256-CF14-D0C2-2AD0-4271BCEAD524" name="Flight_attendant_Employee_type_FK">
<createdBy>Win 11</createdBy>
<createdTime>2025-11-02 18:29:00 UTC</createdTime>
<generatorID>6542CB6B-9754-A431-7162-917073875B2B</generatorID>
<ownerDesignName>Projekat49</ownerDesignName>
<referredTableLongName>Employee_type</referredTableLongName>
<deleteRule>NO ACTION</deleteRule>
<referredTableID>E88B378C-5A33-329A-35A1-80E34F7F16D9</referredTableID>
<keyObject>5F4AA659-8293-99F0-929D-42448F448ACC</keyObject>
<referredKeyID>5F4AA659-8293-99F0-929D-42448F448ACC</referredKeyID>
<mandatory>true</mandatory>
<refColNames>id</refColNames>
<transferable>true</transferable>
<rely>false</rely>
<columnDependencyConstraintGenerateInDDL>true</columnDependencyConstraintGenerateInDDL>
</FKIndexAssociation>