<?xml version = '1.0' encoding = 'UTF-8'?>
<FKIndexAssociation class="oracle.dbtools.crest.model.design.relational.FKIndexAssociation" directorySegmentName="seg_0" id="2539DB1F-EA72-AC71-3FCA-9967B6664812" containerWithKeyObject="5A8401E3-7A1B-58A0-765B-8571F9588852" localFKIndex="CF1E2A4E-7B63-0FCA-49D5-D5CA8B13C427" name="Employees_Employee_status_FK">
<createdBy>viden</createdBy>
<createdTime>2025-10-27 01:47:18 UTC</createdTime>
<ownerDesignName>Projekat49</ownerDesignName>
<referredTableLongName>Employee_status</referredTableLongName>
<deleteRule>NO ACTION</deleteRule>
<referredTableID>FCC794AF-D553-9AB6-6938-6481CD10E1F1</referredTableID>
<keyObject>53B4FD0E-5543-3D5C-5CCF-DE7F5C640164</keyObject>
<referredKeyID>53B4FD0E-5543-3D5C-5CCF-DE7F5C640164</referredKeyID>
<mandatory>true</mandatory>
<refColNames>id</refColNames>
<transferable>true</transferable>
<rely>false</rely>
<columnDependencyConstraintGenerateInDDL>true</columnDependencyConstraintGenerateInDDL>
</FKIndexAssociation>