<?xml version = '1.0' encoding = 'UTF-8'?>
<FKIndexAssociation class="oracle.dbtools.crest.model.design.relational.FKIndexAssociation" directorySegmentName="seg_0" id="2AD9C222-29D8-CB65-CC0C-E2D02C66F9B6" containerWithKeyObject="0E23AAFD-B6A3-894C-D096-7547030467B1" localFKIndex="C5C0B51F-25FD-FF96-D7FE-DE808E2810F6" name="Reservation_Passenger_Reservation_FK">
<createdBy>viden</createdBy>
<createdTime>2025-10-20 01:18:58 UTC</createdTime>
<ownerDesignName>Projekat49</ownerDesignName>
<referredTableLongName>Reservation</referredTableLongName>
<deleteRule>NO ACTION</deleteRule>
<referredTableID>8471B8F9-30F0-3AA9-4820-1665503F90D5</referredTableID>
<keyObject>3A5E5DC2-98C4-D87F-17AD-5B2C1E7BBF6B</keyObject>
<referredKeyID>3A5E5DC2-98C4-D87F-17AD-5B2C1E7BBF6B</referredKeyID>
<mandatory>true</mandatory>
<refColNames>id</refColNames>
<transferable>true</transferable>
<rely>false</rely>
<columnDependencyConstraintGenerateInDDL>true</columnDependencyConstraintGenerateInDDL>
</FKIndexAssociation>