<?xml version = '1.0' encoding = 'UTF-8'?>
<FKIndexAssociation class="oracle.dbtools.crest.model.design.relational.FKIndexAssociation" directorySegmentName="seg_0" id="2D6204AF-6AB4-C8A1-16C2-631AA45A8A5B" containerWithKeyObject="5A8401E3-7A1B-58A0-765B-8571F9588852" localFKIndex="B2D55FB1-7FEE-0852-5B3F-FA602561FD37" name="Employees_Employee_type_FK">
<createdBy>viden</createdBy>
<createdTime>2025-10-27 01:47:35 UTC</createdTime>
<ownerDesignName>Projekat49</ownerDesignName>
<referredTableLongName>Employee_type</referredTableLongName>
<deleteRule>NO ACTION</deleteRule>
<referredTableID>E88B378C-5A33-329A-35A1-80E34F7F16D9</referredTableID>
<keyObject>5F4AA659-8293-99F0-929D-42448F448ACC</keyObject>
<referredKeyID>5F4AA659-8293-99F0-929D-42448F448ACC</referredKeyID>
<mandatory>true</mandatory>
<refColNames>id</refColNames>
<transferable>true</transferable>
<rely>false</rely>
<columnDependencyConstraintGenerateInDDL>true</columnDependencyConstraintGenerateInDDL>
</FKIndexAssociation>