<?xml version = '1.0' encoding = 'UTF-8'?>
<FKIndexAssociation class="oracle.dbtools.crest.model.design.relational.FKIndexAssociation" directorySegmentName="seg_0" id="44EB4EED-F42B-7785-348E-29E9E92765B5" containerWithKeyObject="50FA210F-09E5-7606-311F-45EA88368287" localFKIndex="30A45661-53AB-8350-AB27-62D650B58FBF" name="Pilot_Employee_type_FK">
<createdBy>Win 11</createdBy>
<createdTime>2025-11-02 18:29:00 UTC</createdTime>
<generatorID>6000E522-929F-1775-3A26-8B1FE5183E5D</generatorID>
<ownerDesignName>Projekat49</ownerDesignName>
<referredTableLongName>Employee_type</referredTableLongName>
<deleteRule>NO ACTION</deleteRule>
<referredTableID>E88B378C-5A33-329A-35A1-80E34F7F16D9</referredTableID>
<keyObject>5F4AA659-8293-99F0-929D-42448F448ACC</keyObject>
<referredKeyID>5F4AA659-8293-99F0-929D-42448F448ACC</referredKeyID>
<mandatory>true</mandatory>
<refColNames>id</refColNames>
<transferable>true</transferable>
<rely>false</rely>
<columnDependencyConstraintGenerateInDDL>true</columnDependencyConstraintGenerateInDDL>
</FKIndexAssociation>