<?xml version = '1.0' encoding = 'UTF-8'?>
<FKIndexAssociation class="oracle.dbtools.crest.model.design.relational.FKIndexAssociation" directorySegmentName="seg_0" id="48B900A2-9507-B2DF-BC5E-226229F02977" containerWithKeyObject="4E580F91-F3E6-9482-5B83-A027FC3C5147" localFKIndex="83E69F43-3FFB-E609-E71F-2A842A0E4942" name="Baggage_Tickets_FK">
<createdBy>User</createdBy>
<createdTime>2025-10-07 12:53:01 UTC</createdTime>
<ownerDesignName>Projekat49</ownerDesignName>
<referredTableLongName>Tickets</referredTableLongName>
<deleteRule>NO ACTION</deleteRule>
<referredTableID>A40059FE-DA27-F1A2-03D0-77026BD22A2B</referredTableID>
<keyObject>749F8649-AD81-03E9-8C30-D353046E96DD</keyObject>
<referredKeyID>749F8649-AD81-03E9-8C30-D353046E96DD</referredKeyID>
<mandatory>true</mandatory>
<refColNames>id</refColNames>
<transferable>true</transferable>
<rely>false</rely>
<columnDependencyConstraintGenerateInDDL>true</columnDependencyConstraintGenerateInDDL>
</FKIndexAssociation>