<?xml version = '1.0' encoding = 'UTF-8'?>
<FKIndexAssociation class="oracle.dbtools.crest.model.design.relational.FKIndexAssociation" directorySegmentName="seg_0" id="4AD60818-A57A-118E-A559-C5A767487D45" containerWithKeyObject="E93EADBE-DF56-6379-4035-6F2F8DC27815" localFKIndex="8C343BE8-F334-5E25-5805-D2DA297F0526" name="Parts_Parts_FK">
<createdBy>User</createdBy>
<createdTime>2025-10-20 00:35:27 UTC</createdTime>
<ownerDesignName>Projekat49</ownerDesignName>
<referredTableLongName>Parts</referredTableLongName>
<deleteRule>NO ACTION</deleteRule>
<referredTableID>E93EADBE-DF56-6379-4035-6F2F8DC27815</referredTableID>
<keyObject>D8B6E1CC-E322-2FD4-73F5-1D5522635765</keyObject>
<referredKeyID>D8B6E1CC-E322-2FD4-73F5-1D5522635765</referredKeyID>
<mandatory>false</mandatory>
<refColNames>id</refColNames>
<transferable>true</transferable>
<rely>false</rely>
<columnDependencyConstraintGenerateInDDL>true</columnDependencyConstraintGenerateInDDL>
</FKIndexAssociation>