<?xml version = '1.0' encoding = 'UTF-8'?>
<FKIndexAssociation class="oracle.dbtools.crest.model.design.relational.FKIndexAssociation" directorySegmentName="seg_0" id="5175C0EC-92D8-F48E-3550-F821515547E2" containerWithKeyObject="393BD181-209A-5110-69EA-4101D2E2B22C" localFKIndex="8BE50C94-F383-537B-A412-6EF5154611EF" name="Routes_Airports_FKv1">
<createdBy>User</createdBy>
<createdTime>2025-10-07 12:36:42 UTC</createdTime>
<ownerDesignName>Projekat49</ownerDesignName>
<referredTableLongName>Airports</referredTableLongName>
<deleteRule>NO ACTION</deleteRule>
<referredTableID>4097810E-391E-2863-A1CD-728B71A634B6</referredTableID>
<keyObject>7CE56520-4838-E91C-5C27-A8044F7E3105</keyObject>
<referredKeyID>7CE56520-4838-E91C-5C27-A8044F7E3105</referredKeyID>
<mandatory>true</mandatory>
<refColNames>id</refColNames>
<transferable>true</transferable>
<rely>false</rely>
<columnDependencyConstraintGenerateInDDL>true</columnDependencyConstraintGenerateInDDL>
</FKIndexAssociation>