<?xml version = '1.0' encoding = 'UTF-8'?>
<FKIndexAssociation class="oracle.dbtools.crest.model.design.relational.FKIndexAssociation" directorySegmentName="seg_0" id="5209AE73-3BD6-42A2-4A06-63857D1928C5" containerWithKeyObject="EC4CDD92-20BF-5392-44DA-211D74223C77" localFKIndex="6776F92B-1062-40CA-F57D-3FE71BFA8F42" name="Maintenance_Technician_Technician_FK">
<createdBy>User</createdBy>
<createdTime>2025-10-26 23:44:08 UTC</createdTime>
<ownerDesignName>Projekat49</ownerDesignName>
<referredTableLongName>Technician</referredTableLongName>
<deleteRule>NO ACTION</deleteRule>
<referredTableID>EE45C733-DF8B-85AB-192C-5A57B3572271</referredTableID>
<keyObject>D767A3B4-F5F0-9559-B7E5-175C84E5DDE2</keyObject>
<referredKeyID>D767A3B4-F5F0-9559-B7E5-175C84E5DDE2</referredKeyID>
<mandatory>true</mandatory>
<refColNames>id</refColNames>
<transferable>true</transferable>
<rely>false</rely>
<columnDependencyConstraintGenerateInDDL>true</columnDependencyConstraintGenerateInDDL>
</FKIndexAssociation>