<?xml version = '1.0' encoding = 'UTF-8'?>
<FKIndexAssociation class="oracle.dbtools.crest.model.design.relational.FKIndexAssociation" directorySegmentName="seg_0" id="59A5F757-81A7-3574-4007-FE404A50FEBF" containerWithKeyObject="0ACD202B-E709-4873-B212-F1D31DD2F33A" localFKIndex="EF7DEFCA-BFC4-BF0F-5DAF-216758E500A8" name="Payments_Payment_status_FK">
<createdBy>viden</createdBy>
<createdTime>2025-10-27 00:39:19 UTC</createdTime>
<ownerDesignName>Projekat49</ownerDesignName>
<referredTableLongName>Payment_status</referredTableLongName>
<deleteRule>NO ACTION</deleteRule>
<referredTableID>049487DB-E515-2694-A3E6-2605861A9585</referredTableID>
<keyObject>A1581DA3-4102-6FDF-0602-AC64A964A226</keyObject>
<referredKeyID>A1581DA3-4102-6FDF-0602-AC64A964A226</referredKeyID>
<mandatory>true</mandatory>
<refColNames>id</refColNames>
<transferable>true</transferable>
<rely>false</rely>
<columnDependencyConstraintGenerateInDDL>true</columnDependencyConstraintGenerateInDDL>
</FKIndexAssociation>