<?xml version = '1.0' encoding = 'UTF-8'?>
<FKIndexAssociation class="oracle.dbtools.crest.model.design.relational.FKIndexAssociation" directorySegmentName="seg_0" id="63738CF0-CE5D-DE48-7654-F62F1BD5076C" containerWithKeyObject="A40059FE-DA27-F1A2-03D0-77026BD22A2B" localFKIndex="7BD08492-7445-861C-E93B-BBFCE3E7E70D" name="Tickets_Passengers_FK">
<createdBy>User</createdBy>
<createdTime>2025-10-07 12:51:12 UTC</createdTime>
<ownerDesignName>Projekat49</ownerDesignName>
<referredTableLongName>Passengers</referredTableLongName>
<deleteRule>NO ACTION</deleteRule>
<referredTableID>14406055-AEA1-C233-225C-A2AF5AB064F6</referredTableID>
<keyObject>74445623-66ED-6254-9017-F0BF49D1BBDE</keyObject>
<referredKeyID>74445623-66ED-6254-9017-F0BF49D1BBDE</referredKeyID>
<mandatory>true</mandatory>
<refColNames>id</refColNames>
<transferable>true</transferable>
<rely>false</rely>
<columnDependencyConstraintGenerateInDDL>true</columnDependencyConstraintGenerateInDDL>
</FKIndexAssociation>