<?xml version = '1.0' encoding = 'UTF-8'?>
<FKIndexAssociation class="oracle.dbtools.crest.model.design.relational.FKIndexAssociation" directorySegmentName="seg_0" id="663B5589-7143-F173-CA50-F3958500512E" containerWithKeyObject="6C02BBBF-4709-3C9E-5818-2561A56CA475" localFKIndex="4A651FDC-9E62-5C4F-EC60-63B60F2EA3F2" name="Aircrafts_Layout_Aircrafts_FK">
<createdBy>User</createdBy>
<createdTime>2025-10-26 19:53:22 UTC</createdTime>
<ownerDesignName>Projekat49</ownerDesignName>
<referredTableLongName>Aircrafts</referredTableLongName>
<deleteRule>NO ACTION</deleteRule>
<referredTableID>FD03F560-F0EA-ACE9-44DE-ADE72871D404</referredTableID>
<keyObject>4B17989B-2791-31B8-8E68-E79A5136292A</keyObject>
<referredKeyID>4B17989B-2791-31B8-8E68-E79A5136292A</referredKeyID>
<mandatory>true</mandatory>
<refColNames>id</refColNames>
<transferable>true</transferable>
<rely>false</rely>
<columnDependencyConstraintGenerateInDDL>true</columnDependencyConstraintGenerateInDDL>
</FKIndexAssociation>