<?xml version = '1.0' encoding = 'UTF-8'?>
<FKIndexAssociation class="oracle.dbtools.crest.model.design.relational.FKIndexAssociation" directorySegmentName="seg_0" id="6D4B8EDD-F5B9-FBD8-33FC-8B5F102F4985" containerWithKeyObject="8471B8F9-30F0-3AA9-4820-1665503F90D5" localFKIndex="102A5FB6-9453-AA64-B5B1-D99517738643" name="Reservation_Flights_FK">
<createdBy>User</createdBy>
<createdTime>2025-10-07 12:49:24 UTC</createdTime>
<ownerDesignName>Projekat49</ownerDesignName>
<referredTableLongName>Flights</referredTableLongName>
<deleteRule>NO ACTION</deleteRule>
<referredTableID>5F84DBA3-E7EB-F9F5-E198-7655233F1E6D</referredTableID>
<keyObject>393CFB52-CA40-CF31-6109-5F8D38B38EF7</keyObject>
<referredKeyID>393CFB52-CA40-CF31-6109-5F8D38B38EF7</referredKeyID>
<mandatory>true</mandatory>
<refColNames>id</refColNames>
<transferable>true</transferable>
<rely>false</rely>
<columnDependencyConstraintGenerateInDDL>true</columnDependencyConstraintGenerateInDDL>
</FKIndexAssociation>