<?xml version = '1.0' encoding = 'UTF-8'?>
<FKIndexAssociation class="oracle.dbtools.crest.model.design.relational.FKIndexAssociation" directorySegmentName="seg_0" id="74489A0C-6507-D096-ACA9-16FAB5CF369C" containerWithKeyObject="7C09B416-5584-DE67-E91F-6CEDFBEB8BCB" localFKIndex="381123B8-0AF8-3E40-3159-C132341CC570" name="Aircraft_Maintenance_Maintenance_Type_FK">
<createdBy>User</createdBy>
<createdTime>2025-10-27 00:04:32 UTC</createdTime>
<ownerDesignName>Projekat49</ownerDesignName>
<referredTableLongName>Maintenance_Type</referredTableLongName>
<deleteRule>NO ACTION</deleteRule>
<referredTableID>A22273FC-CEB4-B3D8-65BD-17B286CC17E5</referredTableID>
<keyObject>E098D9C7-8692-0C25-54C3-2165FEA0574F</keyObject>
<referredKeyID>E098D9C7-8692-0C25-54C3-2165FEA0574F</referredKeyID>
<mandatory>true</mandatory>
<refColNames>id</refColNames>
<transferable>true</transferable>
<rely>false</rely>
<columnDependencyConstraintGenerateInDDL>true</columnDependencyConstraintGenerateInDDL>
</FKIndexAssociation>