<?xml version = '1.0' encoding = 'UTF-8'?>
<FKIndexAssociation class="oracle.dbtools.crest.model.design.relational.FKIndexAssociation" directorySegmentName="seg_0" id="8CAB8E50-F75F-729A-C3E9-84C9FA84EDFA" containerWithKeyObject="DADC4E7D-8BE5-FEF6-2A72-F9033FDB705A" localFKIndex="7EFA1938-693B-58F7-0A8E-2FE3DFA7E0B2" name="Charter_flights_Airports_FKv1">
<createdBy>viden</createdBy>
<createdTime>2025-10-27 01:16:39 UTC</createdTime>
<ownerDesignName>Projekat49</ownerDesignName>
<referredTableLongName>Airports</referredTableLongName>
<deleteRule>NO ACTION</deleteRule>
<referredTableID>4097810E-391E-2863-A1CD-728B71A634B6</referredTableID>
<keyObject>7CE56520-4838-E91C-5C27-A8044F7E3105</keyObject>
<referredKeyID>7CE56520-4838-E91C-5C27-A8044F7E3105</referredKeyID>
<mandatory>true</mandatory>
<refColNames>id</refColNames>
<transferable>true</transferable>
<rely>false</rely>
<columnDependencyConstraintGenerateInDDL>true</columnDependencyConstraintGenerateInDDL>
</FKIndexAssociation>