<?xml version = '1.0' encoding = 'UTF-8'?>
<FKIndexAssociation class="oracle.dbtools.crest.model.design.relational.FKIndexAssociation" directorySegmentName="seg_0" id="8DD9721D-623E-979F-E172-4F7F6E1B77BE" containerWithKeyObject="69E259CC-FD76-0335-A0C8-D5F7777D58EA" localFKIndex="B37006A5-AE14-1280-A07C-CB8977FAB167" name="Boardings_Reservation_FK">
<createdBy>viden</createdBy>
<createdTime>2025-10-27 00:55:36 UTC</createdTime>
<ownerDesignName>Projekat49</ownerDesignName>
<referredTableLongName>Reservation</referredTableLongName>
<deleteRule>NO ACTION</deleteRule>
<referredTableID>8471B8F9-30F0-3AA9-4820-1665503F90D5</referredTableID>
<keyObject>3A5E5DC2-98C4-D87F-17AD-5B2C1E7BBF6B</keyObject>
<referredKeyID>3A5E5DC2-98C4-D87F-17AD-5B2C1E7BBF6B</referredKeyID>
<mandatory>true</mandatory>
<refColNames>id</refColNames>
<transferable>true</transferable>
<rely>false</rely>
<columnDependencyConstraintGenerateInDDL>true</columnDependencyConstraintGenerateInDDL>
</FKIndexAssociation>