<?xml version = '1.0' encoding = 'UTF-8'?>
<FKIndexAssociation class="oracle.dbtools.crest.model.design.relational.FKIndexAssociation" directorySegmentName="seg_0" id="928ECFB9-9898-08AA-43BF-03EFE65E4E62" containerWithKeyObject="7C09B416-5584-DE67-E91F-6CEDFBEB8BCB" localFKIndex="52DB4552-AD2B-820C-8F18-01FF8D107334" name="Aircraft_Maintenance_Aircrafts_FK">
<createdBy>User</createdBy>
<createdTime>2025-10-12 21:11:20 UTC</createdTime>
<ownerDesignName>Projekat49</ownerDesignName>
<referredTableLongName>Aircrafts</referredTableLongName>
<deleteRule>NO ACTION</deleteRule>
<referredTableID>FD03F560-F0EA-ACE9-44DE-ADE72871D404</referredTableID>
<keyObject>4B17989B-2791-31B8-8E68-E79A5136292A</keyObject>
<referredKeyID>4B17989B-2791-31B8-8E68-E79A5136292A</referredKeyID>
<mandatory>true</mandatory>
<refColNames>id</refColNames>
<transferable>true</transferable>
<rely>false</rely>
<columnDependencyConstraintGenerateInDDL>true</columnDependencyConstraintGenerateInDDL>
</FKIndexAssociation>