<?xml version = '1.0' encoding = 'UTF-8'?>
<FKIndexAssociation class="oracle.dbtools.crest.model.design.relational.FKIndexAssociation" directorySegmentName="seg_0" id="92E202C8-C7F9-B053-CA8A-80117A01F079" containerWithKeyObject="2203D13D-4D49-2F53-7F40-38E8E348DE56" localFKIndex="39259183-8685-B37A-5536-85FA6D801E9E" name="FuelRecord_Aircrafts_FK">
<createdBy>viden</createdBy>
<createdTime>2025-10-20 01:49:45 UTC</createdTime>
<ownerDesignName>Projekat49</ownerDesignName>
<referredTableLongName>Aircrafts</referredTableLongName>
<deleteRule>NO ACTION</deleteRule>
<referredTableID>FD03F560-F0EA-ACE9-44DE-ADE72871D404</referredTableID>
<keyObject>4B17989B-2791-31B8-8E68-E79A5136292A</keyObject>
<referredKeyID>4B17989B-2791-31B8-8E68-E79A5136292A</referredKeyID>
<mandatory>true</mandatory>
<refColNames>id</refColNames>
<transferable>true</transferable>
<rely>false</rely>
<columnDependencyConstraintGenerateInDDL>true</columnDependencyConstraintGenerateInDDL>
</FKIndexAssociation>