<?xml version = '1.0' encoding = 'UTF-8'?>
<FKIndexAssociation class="oracle.dbtools.crest.model.design.relational.FKIndexAssociation" directorySegmentName="seg_0" id="9595CEF2-FDCD-718F-DE55-282F379271B7" containerWithKeyObject="A40059FE-DA27-F1A2-03D0-77026BD22A2B" localFKIndex="F69B7AFA-6B24-E71A-206F-39300992EC0B" name="Tickets_Reservation_FK">
<createdBy>User</createdBy>
<createdTime>2025-10-07 12:51:15 UTC</createdTime>
<ownerDesignName>Projekat49</ownerDesignName>
<referredTableLongName>Reservation</referredTableLongName>
<deleteRule>NO ACTION</deleteRule>
<referredTableID>8471B8F9-30F0-3AA9-4820-1665503F90D5</referredTableID>
<keyObject>3A5E5DC2-98C4-D87F-17AD-5B2C1E7BBF6B</keyObject>
<referredKeyID>3A5E5DC2-98C4-D87F-17AD-5B2C1E7BBF6B</referredKeyID>
<mandatory>true</mandatory>
<refColNames>id</refColNames>
<transferable>true</transferable>
<rely>false</rely>
<columnDependencyConstraintGenerateInDDL>true</columnDependencyConstraintGenerateInDDL>
</FKIndexAssociation>