<?xml version = '1.0' encoding = 'UTF-8'?>
<FKIndexAssociation class="oracle.dbtools.crest.model.design.relational.FKIndexAssociation" directorySegmentName="seg_0" id="996FF89E-5858-0503-E596-41EE6BCB1783" containerWithKeyObject="5F84DBA3-E7EB-F9F5-E198-7655233F1E6D" localFKIndex="B55D93F9-E4DA-5AF1-ACFA-DCDD2E414FA5" name="Flights_Aircrafts_FK">
<createdBy>User</createdBy>
<createdTime>2025-10-07 12:37:36 UTC</createdTime>
<ownerDesignName>Projekat49</ownerDesignName>
<referredTableLongName>Aircrafts</referredTableLongName>
<deleteRule>NO ACTION</deleteRule>
<referredTableID>FD03F560-F0EA-ACE9-44DE-ADE72871D404</referredTableID>
<keyObject>4B17989B-2791-31B8-8E68-E79A5136292A</keyObject>
<referredKeyID>4B17989B-2791-31B8-8E68-E79A5136292A</referredKeyID>
<mandatory>true</mandatory>
<refColNames>id</refColNames>
<transferable>true</transferable>
<rely>false</rely>
<columnDependencyConstraintGenerateInDDL>true</columnDependencyConstraintGenerateInDDL>
</FKIndexAssociation>