<?xml version = '1.0' encoding = 'UTF-8'?>
<FKIndexAssociation class="oracle.dbtools.crest.model.design.relational.FKIndexAssociation" directorySegmentName="seg_0" id="C0B254ED-3A6A-2D25-FC82-C82FC4120E42" containerWithKeyObject="D4A549B6-A927-564F-B3A2-06E898E408B7" localFKIndex="8D9D8477-2A64-733D-2BBB-DD52368BD064" name="Extra_baggage_Baggage_FK">
<createdBy>Win 11</createdBy>
<createdTime>2025-11-02 18:29:00 UTC</createdTime>
<generatorID>75729AC0-6264-BC8A-8881-FFBF9463D493</generatorID>
<ownerDesignName>Projekat49</ownerDesignName>
<referredTableLongName>Baggage</referredTableLongName>
<deleteRule>NO ACTION</deleteRule>
<referredTableID>4E580F91-F3E6-9482-5B83-A027FC3C5147</referredTableID>
<keyObject>4E2FBA3E-4280-C20C-606D-48180F8B7509</keyObject>
<referredKeyID>4E2FBA3E-4280-C20C-606D-48180F8B7509</referredKeyID>
<mandatory>true</mandatory>
<refColNames>id</refColNames>
<transferable>true</transferable>
<rely>false</rely>
<columnDependencyConstraintGenerateInDDL>true</columnDependencyConstraintGenerateInDDL>
</FKIndexAssociation>