<?xml version = '1.0' encoding = 'UTF-8'?>
<FKIndexAssociation class="oracle.dbtools.crest.model.design.relational.FKIndexAssociation" directorySegmentName="seg_0" id="C13530F2-C41A-4228-5D63-E01FB9843E1E" containerWithKeyObject="30811818-363D-79F9-7E2A-B2CB897EF5BC" localFKIndex="ED6A8F49-9E49-A09D-FE50-0527EEF968EE" name="Flight_Crews_Employees_FK">
<createdBy>User</createdBy>
<createdTime>2025-10-07 12:45:25 UTC</createdTime>
<ownerDesignName>Projekat49</ownerDesignName>
<referredTableLongName>Employees</referredTableLongName>
<deleteRule>NO ACTION</deleteRule>
<referredTableID>5A8401E3-7A1B-58A0-765B-8571F9588852</referredTableID>
<keyObject>1D79F354-7236-9C5F-ABD8-23EED7606F79</keyObject>
<referredKeyID>1D79F354-7236-9C5F-ABD8-23EED7606F79</referredKeyID>
<mandatory>true</mandatory>
<refColNames>id</refColNames>
<transferable>true</transferable>
<rely>false</rely>
<columnDependencyConstraintGenerateInDDL>true</columnDependencyConstraintGenerateInDDL>
</FKIndexAssociation>