<?xml version = '1.0' encoding = 'UTF-8'?>
<FKIndexAssociation class="oracle.dbtools.crest.model.design.relational.FKIndexAssociation" directorySegmentName="seg_0" id="C3952667-65D7-E0AC-C94B-7639802F31F1" containerWithKeyObject="4097810E-391E-2863-A1CD-728B71A634B6" localFKIndex="27A4AEC0-2C7B-D5D7-4B01-90618C6129B0" name="Airports_Flights_FKv1">
<createdBy>viden</createdBy>
<createdTime>2025-10-20 01:15:41 UTC</createdTime>
<ownerDesignName>Projekat49</ownerDesignName>
<referredTableLongName>Flights</referredTableLongName>
<deleteRule>NO ACTION</deleteRule>
<referredTableID>5F84DBA3-E7EB-F9F5-E198-7655233F1E6D</referredTableID>
<keyObject>393CFB52-CA40-CF31-6109-5F8D38B38EF7</keyObject>
<referredKeyID>393CFB52-CA40-CF31-6109-5F8D38B38EF7</referredKeyID>
<mandatory>true</mandatory>
<refColNames>id</refColNames>
<transferable>true</transferable>
<rely>false</rely>
<columnDependencyConstraintGenerateInDDL>true</columnDependencyConstraintGenerateInDDL>
</FKIndexAssociation>