<?xml version = '1.0' encoding = 'UTF-8'?>
<FKIndexAssociation class="oracle.dbtools.crest.model.design.relational.FKIndexAssociation" directorySegmentName="seg_0" id="C4A475B6-3164-B016-05C3-14DC8038ADF9" containerWithKeyObject="0ACD202B-E709-4873-B212-F1D31DD2F33A" localFKIndex="F03EC92A-1BEB-10FF-E0F3-907303F12A74" name="Payments_Currencies_FK">
<createdBy>viden</createdBy>
<createdTime>2025-10-20 01:59:14 UTC</createdTime>
<ownerDesignName>Projekat49</ownerDesignName>
<referredTableLongName>Currencies</referredTableLongName>
<deleteRule>NO ACTION</deleteRule>
<referredTableID>4BD526A9-10C0-58B1-1CEF-C4030CB4B780</referredTableID>
<keyObject>D88D2A82-9388-4BD2-6E56-0BE25CD20F54</keyObject>
<referredKeyID>D88D2A82-9388-4BD2-6E56-0BE25CD20F54</referredKeyID>
<mandatory>true</mandatory>
<refColNames>id</refColNames>
<transferable>true</transferable>
<rely>false</rely>
<columnDependencyConstraintGenerateInDDL>true</columnDependencyConstraintGenerateInDDL>
</FKIndexAssociation>