<?xml version = '1.0' encoding = 'UTF-8'?>
<FKIndexAssociation class="oracle.dbtools.crest.model.design.relational.FKIndexAssociation" directorySegmentName="seg_0" id="C6ACCD09-750F-0873-969D-09A764445B03" containerWithKeyObject="BF38E642-5C66-EEE1-06FB-56EB7A71025A" localFKIndex="C36C3E03-88A8-A32A-BFD8-61158454A0F5" name="Passenger_segment_Layout_Segment_FK">
<createdBy>User</createdBy>
<createdTime>2025-10-26 20:13:25 UTC</createdTime>
<ownerDesignName>Projekat49</ownerDesignName>
<referredTableLongName>Layout_Segment</referredTableLongName>
<deleteRule>NO ACTION</deleteRule>
<referredTableID>D6EED2C6-1D9E-E0B9-2312-FE44A0036435</referredTableID>
<keyObject>BF96BBAF-8DDD-881A-D864-2A3761EE7420</keyObject>
<referredKeyID>BF96BBAF-8DDD-881A-D864-2A3761EE7420</referredKeyID>
<mandatory>true</mandatory>
<refColNames>id</refColNames>
<transferable>true</transferable>
<rely>false</rely>
<columnDependencyConstraintGenerateInDDL>true</columnDependencyConstraintGenerateInDDL>
</FKIndexAssociation>