<?xml version = '1.0' encoding = 'UTF-8'?>
<FKIndexAssociation class="oracle.dbtools.crest.model.design.relational.FKIndexAssociation" directorySegmentName="seg_0" id="DC4443A1-B886-6044-E654-C6736EEF7DCB" containerWithKeyObject="DADC4E7D-8BE5-FEF6-2A72-F9033FDB705A" localFKIndex="7882DCF7-E7E7-6229-BF29-F4FC50810574" name="Charter_flights_Permits_FK">
<createdBy>viden</createdBy>
<createdTime>2025-10-27 01:14:56 UTC</createdTime>
<ownerDesignName>Projekat49</ownerDesignName>
<referredTableLongName>Permits</referredTableLongName>
<deleteRule>NO ACTION</deleteRule>
<referredTableID>44074F14-21A2-C3D4-5C74-184C1945634D</referredTableID>
<keyObject>6FB5E6DA-D3E2-EC16-C713-7D491E87EA1F</keyObject>
<referredKeyID>6FB5E6DA-D3E2-EC16-C713-7D491E87EA1F</referredKeyID>
<mandatory>true</mandatory>
<refColNames>id</refColNames>
<transferable>true</transferable>
<rely>false</rely>
<columnDependencyConstraintGenerateInDDL>true</columnDependencyConstraintGenerateInDDL>
</FKIndexAssociation>