<?xml version = '1.0' encoding = 'UTF-8'?>
<FKIndexAssociation class="oracle.dbtools.crest.model.design.relational.FKIndexAssociation" directorySegmentName="seg_0" id="DDDEF57A-D20F-E739-8416-82CAD465C2AF" containerWithKeyObject="44074F14-21A2-C3D4-5C74-184C1945634D" localFKIndex="A59DC66B-09EC-BD78-B20C-4E1B526FAAAB" name="Permits_Airlines_FK">
<createdBy>viden</createdBy>
<createdTime>2025-10-27 01:07:39 UTC</createdTime>
<ownerDesignName>Projekat49</ownerDesignName>
<referredTableLongName>Airlines</referredTableLongName>
<deleteRule>NO ACTION</deleteRule>
<referredTableID>319D3C62-8F53-1D35-FE67-44FBF19A4696</referredTableID>
<keyObject>D0506C5D-ED85-2955-81A2-9975A23C73BA</keyObject>
<referredKeyID>D0506C5D-ED85-2955-81A2-9975A23C73BA</referredKeyID>
<mandatory>true</mandatory>
<refColNames>id</refColNames>
<transferable>true</transferable>
<rely>false</rely>
<columnDependencyConstraintGenerateInDDL>true</columnDependencyConstraintGenerateInDDL>
</FKIndexAssociation>