<?xml version = '1.0' encoding = 'UTF-8'?>
<FKIndexAssociation class="oracle.dbtools.crest.model.design.relational.FKIndexAssociation" directorySegmentName="seg_0" id="E88FCE78-930A-4D0C-E57E-5114A1D450AA" containerWithKeyObject="A40059FE-DA27-F1A2-03D0-77026BD22A2B" localFKIndex="B318CB5A-CF8E-C460-D2CF-27EC58C58787" name="Tickets_Seats_FK">
<createdBy>User</createdBy>
<createdTime>2025-10-12 21:29:06 UTC</createdTime>
<ownerDesignName>Projekat49</ownerDesignName>
<referredTableLongName>Seats</referredTableLongName>
<deleteRule>NO ACTION</deleteRule>
<referredTableID>7F075E47-0DEE-AE28-E8CC-B7FB97A389B0</referredTableID>
<keyObject>1D368908-4FF7-3CB6-5227-3D369765F501</keyObject>
<referredKeyID>1D368908-4FF7-3CB6-5227-3D369765F501</referredKeyID>
<mandatory>true</mandatory>
<refColNames>id</refColNames>
<transferable>true</transferable>
<rely>false</rely>
<columnDependencyConstraintGenerateInDDL>true</columnDependencyConstraintGenerateInDDL>
</FKIndexAssociation>