<?xml version = '1.0' encoding = 'UTF-8'?>
<Diagram class="oracle.dbtools.crest.swingui.relational.DPVRelational" name="Relational_1" id="08252B69-B503-5714-C491-FD12C7473A30">
<createdBy>viden</createdBy>
<modifiedBy>viden</modifiedBy>
<createdTime>2025-10-04 11:34:24 UTC</createdTime>
<autoRoute>false</autoRoute>
<boxInbox>true</boxInbox>
<showLegend>false</showLegend>
<showLabels>false</showLabels>
<showRelAttributes>false</showRelAttributes>
<gridEnabled>false</gridEnabled>
<showGrid>false</showGrid>
<diagramColor>-1</diagramColor>
<display>false</display>
<notation>1</notation>
<objectViews>
<OView class="oracle.dbtools.crest.swingui.relational.TVTable" oid="03BE1F11-B910-0F82-5EA7-16CDDDE1A089" otype="Table" vid="1F898E06-1E72-608D-6035-40A26B348241">
<hideElementsInCurrentOnly>false</hideElementsInCurrentOnly>
<bounds x="488" y="1061" width="197" height="70"/>
</OView>
<OView class="oracle.dbtools.crest.swingui.relational.TVTable" oid="03F08051-3BB8-1625-71A2-137071865410" otype="Table" vid="33F34C9D-4679-BF2F-8215-B530D44A8E20">
<hideElementsInCurrentOnly>false</hideElementsInCurrentOnly>
<bounds x="184" y="1454" width="170" height="110"/>
</OView>
<OView class="oracle.dbtools.crest.swingui.relational.TVTable" oid="049487DB-E515-2694-A3E6-2605861A9585" otype="Table" vid="0255A1CA-746F-D205-DE0C-966C89FFC5D4">
<hideElementsInCurrentOnly>false</hideElementsInCurrentOnly>
<bounds x="1149" y="1595" width="117" height="67"/>
</OView>
<OView class="oracle.dbtools.crest.swingui.relational.TVTable" oid="06F9C14F-A7CC-2A32-D6AA-F19986AA64DE" otype="Table" vid="8A636FFA-E8C6-DAF6-9861-688A9E7903A8">
<hideElementsInCurrentOnly>false</hideElementsInCurrentOnly>
<bounds x="1238" y="1704" width="157" height="83"/>
</OView>
<OView class="oracle.dbtools.crest.swingui.relational.TVTable" oid="0ACD202B-E709-4873-B212-F1D31DD2F33A" otype="Table" vid="4FE80F5D-97C1-AF02-9628-BE6928668DAF">
<hideElementsInCurrentOnly>false</hideElementsInCurrentOnly>
<bounds x="1339" y="1420" width="259" height="189"/>
</OView>
<OView class="oracle.dbtools.crest.swingui.relational.TVTable" oid="0E23AAFD-B6A3-894C-D096-7547030467B1" otype="Table" vid="D46252FB-89FA-4DAB-426C-0AB968C5B1FB">
<hideElementsInCurrentOnly>false</hideElementsInCurrentOnly>
<bounds x="1593" y="1671" width="200" height="111"/>
</OView>
<OView class="oracle.dbtools.crest.swingui.relational.TVTable" oid="14406055-AEA1-C233-225C-A2AF5AB064F6" otype="Table" vid="1E7CE410-DB48-9D30-5A7C-DBB96A3DB1A2">
<hideElementsInCurrentOnly>false</hideElementsInCurrentOnly>
<bounds x="1832" y="1657" width="206" height="123"/>
</OView>
<OView class="oracle.dbtools.crest.swingui.relational.TVTable" oid="2203D13D-4D49-2F53-7F40-38E8E348DE56" otype="Table" vid="492F52FB-901B-F8A4-4C8C-D2F6D6046AB0">
<hideElementsInCurrentOnly>false</hideElementsInCurrentOnly>
<bounds x="1642" y="1224" width="150" height="108"/>
</OView>
<OView class="oracle.dbtools.crest.swingui.relational.TVTable" oid="2A25D8F7-FCDE-3D8B-6C1B-4893795BF5C2" otype="Table" vid="DCF0523B-45A9-1E9E-FD03-1066C8DA7308">
<hideElementsInCurrentOnly>false</hideElementsInCurrentOnly>
<bounds x="2605" y="1417" width="170" height="110"/>
</OView>
<OView class="oracle.dbtools.crest.swingui.relational.TVTable" oid="2F12B3B0-5EDD-98F4-B0ED-941848ED2665" otype="Table" vid="8BA7EF5F-01C3-9F77-2ED8-E423B9076DDD">
<hideElementsInCurrentOnly>false</hideElementsInCurrentOnly>
<bounds x="493" y="936" width="179" height="80"/>
</OView>
<OView class="oracle.dbtools.crest.swingui.relational.TVTable" oid="30811818-363D-79F9-7E2A-B2CB897EF5BC" otype="Table" vid="EE5A6F7C-7993-71AC-ABFD-A114E7095285">
<hideElementsInCurrentOnly>false</hideElementsInCurrentOnly>
<bounds x="1039" y="1447" width="220" height="100"/>
</OView>
<OView class="oracle.dbtools.crest.swingui.relational.TVTable" oid="319D3C62-8F53-1D35-FE67-44FBF19A4696" otype="Table" vid="E262AE20-E809-D0B3-59E6-E2ACBE0A6C97">
<hideElementsInCurrentOnly>false</hideElementsInCurrentOnly>
<bounds x="571" y="691" width="230" height="111"/>
</OView>
<OView class="oracle.dbtools.crest.swingui.relational.TVTable" oid="393BD181-209A-5110-69EA-4101D2E2B22C" otype="Table" vid="4AB06BE0-C878-BC62-08F8-128F316F6BBF">
<hideElementsInCurrentOnly>false</hideElementsInCurrentOnly>
<bounds x="873" y="1241" width="246" height="145"/>
</OView>
<OView class="oracle.dbtools.crest.swingui.relational.TVTable" oid="3C40F964-0BA7-C2E6-D6B4-4567D46C8894" otype="Table" vid="BC230EE3-B498-DE4C-CFC3-1F01D31F1CF1">
<hideElementsInCurrentOnly>false</hideElementsInCurrentOnly>
<bounds x="2595" y="1207" width="230" height="174"/>
</OView>
<OView class="oracle.dbtools.crest.swingui.relational.TVTable" oid="4097810E-391E-2863-A1CD-728B71A634B6" otype="Table" vid="4B4E6D43-65E8-33F2-BACA-79B134AC5ADF">
<hideElementsInCurrentOnly>false</hideElementsInCurrentOnly>
<bounds x="1051" y="980" width="221" height="168"/>
</OView>
<OView class="oracle.dbtools.crest.swingui.relational.TVTable" oid="44074F14-21A2-C3D4-5C74-184C1945634D" otype="Table" vid="296ADFA9-89DA-7415-EDBB-C9FABD48A0FE">
<hideElementsInCurrentOnly>false</hideElementsInCurrentOnly>
<bounds x="518" y="1214" width="269" height="176"/>
</OView>
<OView class="oracle.dbtools.crest.swingui.relational.TVTable" oid="490CC61A-EA90-3265-D019-F6E1C3166C49" otype="Table" vid="B5DB23AE-CADB-CA96-51D4-4D6D4270A8EC">
<hideElementsInCurrentOnly>false</hideElementsInCurrentOnly>
<bounds x="2078" y="1645" width="258" height="139"/>
</OView>
<OView class="oracle.dbtools.crest.swingui.relational.TVTable" oid="4BD526A9-10C0-58B1-1CEF-C4030CB4B780" otype="Table" vid="6A69B688-7E10-3A09-0BF0-E8DB1D33E997">
<hideElementsInCurrentOnly>false</hideElementsInCurrentOnly>
<bounds x="1414" y="1704" width="158" height="82"/>
</OView>
<OView class="oracle.dbtools.crest.swingui.relational.TVTable" oid="4E580F91-F3E6-9482-5B83-A027FC3C5147" otype="Table" vid="FB904CD9-1BD7-8052-6E5A-58C7F91845AF">
<hideElementsInCurrentOnly>false</hideElementsInCurrentOnly>
<bounds x="2281" y="1154" width="255" height="144"/>
</OView>
<OView class="oracle.dbtools.crest.swingui.relational.TVTable" oid="50FA210F-09E5-7606-311F-45EA88368287" otype="Table" vid="51704C06-BFA6-7CBF-8552-CBA26B190ADF">
<hideElementsInCurrentOnly>false</hideElementsInCurrentOnly>
<bounds x="353" y="1640" width="170" height="110"/>
</OView>
<OView class="oracle.dbtools.crest.swingui.relational.TVTable" oid="5A8401E3-7A1B-58A0-765B-8571F9588852" otype="Table" vid="4DAF5467-6F90-B863-EA67-1C6484D6CABE">
<hideElementsInCurrentOnly>false</hideElementsInCurrentOnly>
<bounds x="834" y="1403" width="147" height="184"/>
</OView>
<OView class="oracle.dbtools.crest.swingui.relational.TVTable" oid="5F84DBA3-E7EB-F9F5-E198-7655233F1E6D" otype="Table" vid="C3BDA5B4-FB55-D3EB-4261-4D542F71720C">
<hideElementsInCurrentOnly>false</hideElementsInCurrentOnly>
<bounds x="1165" y="1235" width="206" height="171"/>
</OView>
<OView class="oracle.dbtools.crest.swingui.relational.TVTable" oid="67BEB8C3-3B95-7446-38E6-CE9D0A4F59A9" otype="Table" vid="F99A784F-5A9A-BA01-85FB-EC4C86DEFE7D">
<hideElementsInCurrentOnly>false</hideElementsInCurrentOnly>
<bounds x="1035" y="844" width="165" height="105"/>
</OView>
<OView class="oracle.dbtools.crest.swingui.relational.TVTable" oid="69E259CC-FD76-0335-A0C8-D5F7777D58EA" otype="Table" vid="0FEF065D-DA25-72F5-2BE3-0445B16C0392">
<hideElementsInCurrentOnly>false</hideElementsInCurrentOnly>
<bounds x="1951" y="1282" width="230" height="167"/>
</OView>
<OView class="oracle.dbtools.crest.swingui.relational.TVTable" oid="6C02BBBF-4709-3C9E-5818-2561A56CA475" otype="Table" vid="42294590-BAD4-6B66-E741-BBB5D743C931">
<hideElementsInCurrentOnly>false</hideElementsInCurrentOnly>
<bounds x="1718" y="714" width="293" height="191"/>
</OView>
<OView class="oracle.dbtools.crest.swingui.relational.TVTable" oid="7C09B416-5584-DE67-E91F-6CEDFBEB8BCB" otype="Table" vid="98FBAF0A-EAB4-8049-2050-5FA42D8B8E90">
<hideElementsInCurrentOnly>false</hideElementsInCurrentOnly>
<bounds x="1156" y="658" width="258" height="138"/>
</OView>
<OView class="oracle.dbtools.crest.swingui.relational.TVTable" oid="7F075E47-0DEE-AE28-E8CC-B7FB97A389B0" otype="Table" vid="F94CDEB1-0F10-C5E1-462E-A10AA3D1D343">
<hideElementsInCurrentOnly>false</hideElementsInCurrentOnly>
<bounds x="2109" y="890" width="247" height="198"/>
</OView>
<OView class="oracle.dbtools.crest.swingui.relational.TVTable" oid="8471B8F9-30F0-3AA9-4820-1665503F90D5" otype="Table" vid="56F9D206-A7EF-22F5-E80B-BEFC65E866D8">
<hideElementsInCurrentOnly>false</hideElementsInCurrentOnly>
<bounds x="1630" y="1368" width="235" height="167"/>
</OView>
<OView class="oracle.dbtools.crest.swingui.relational.TVTable" oid="940405D2-234D-1FCD-236E-95A9F6FE1DD3" otype="Table" vid="4B9B5C77-F751-919F-302C-362034ED84E8">
<hideElementsInCurrentOnly>false</hideElementsInCurrentOnly>
<bounds x="1442" y="662" width="224" height="132"/>
</OView>
<OView class="oracle.dbtools.crest.swingui.relational.TVTable" oid="A22273FC-CEB4-B3D8-65BD-17B286CC17E5" otype="Table" vid="BACF9C6F-3BC5-9C7C-654C-A5605F0AAE98">
<hideElementsInCurrentOnly>false</hideElementsInCurrentOnly>
<bounds x="1124" y="509" width="181" height="94"/>
</OView>
<OView class="oracle.dbtools.crest.swingui.relational.TVTable" oid="A40059FE-DA27-F1A2-03D0-77026BD22A2B" otype="Table" vid="F65BDC98-CC63-C6F0-4059-F945EF826B9A">
<hideElementsInCurrentOnly>false</hideElementsInCurrentOnly>
<bounds x="1792" y="957" width="242" height="179"/>
</OView>
<OView class="oracle.dbtools.crest.swingui.relational.TVTable" oid="B2CF1678-0A86-6FC4-0EA1-C1D10C9E07C5" otype="Table" vid="3BF2D03B-6304-61DD-3225-AC0298B3E849">
<hideElementsInCurrentOnly>false</hideElementsInCurrentOnly>
<bounds x="585" y="1400" width="162" height="109"/>
</OView>
<OView class="oracle.dbtools.crest.swingui.relational.TVTable" oid="B33993BF-C22C-DDFD-56AE-F7C1D1F9B9A7" otype="Table" vid="0966F4B9-0B62-E96E-0BBA-C8CD1EF607D0">
<hideElementsInCurrentOnly>false</hideElementsInCurrentOnly>
<bounds x="2418" y="1021" width="190" height="113"/>
</OView>
<OView class="oracle.dbtools.crest.swingui.relational.TVTable" oid="BA0601D8-11F0-F207-9C6D-3950CE9BE658" otype="Table" vid="067364BF-5521-A274-EE18-9335F0C2FD97">
<hideElementsInCurrentOnly>false</hideElementsInCurrentOnly>
<bounds x="2196" y="486" width="307" height="154"/>
</OView>
<OView class="oracle.dbtools.crest.swingui.relational.TVTable" oid="BF38E642-5C66-EEE1-06FB-56EB7A71025A" otype="Table" vid="708FFC78-A804-F4BD-5E69-0B96365DB257">
<hideElementsInCurrentOnly>false</hideElementsInCurrentOnly>
<bounds x="2565" y="808" width="306" height="181"/>
</OView>
<OView class="oracle.dbtools.crest.swingui.relational.TVTable" oid="BFB8B0D0-18E5-2BF1-B371-53B96CEFC45D" otype="Table" vid="84D68871-17AA-E5B0-962F-AF9CAB4F333A">
<hideElementsInCurrentOnly>false</hideElementsInCurrentOnly>
<bounds x="1451" y="484" width="314" height="149"/>
</OView>
<OView class="oracle.dbtools.crest.swingui.relational.TVTable" oid="C2B82B75-62E0-7266-000D-64D2129B1F01" otype="Table" vid="886D5247-6D00-F73A-2426-85D187DEC07C">
<hideElementsInCurrentOnly>false</hideElementsInCurrentOnly>
<bounds x="1440" y="1138" width="170" height="110"/>
</OView>
<OView class="oracle.dbtools.crest.swingui.relational.TVTable" oid="D4A549B6-A927-564F-B3A2-06E898E408B7" otype="Table" vid="B8732525-85CE-3F10-8D0F-792DFE6EEF8E">
<hideElementsInCurrentOnly>false</hideElementsInCurrentOnly>
<bounds x="2286" y="1347" width="227" height="132"/>
</OView>
<OView class="oracle.dbtools.crest.swingui.relational.TVTable" oid="D6EED2C6-1D9E-E0B9-2312-FE44A0036435" otype="Table" vid="5717CD8E-2706-8F57-C27F-94066C2139E4">
<hideElementsInCurrentOnly>false</hideElementsInCurrentOnly>
<bounds x="2089" y="696" width="319" height="151"/>
</OView>
<OView class="oracle.dbtools.crest.swingui.relational.TVTable" oid="D87BB386-3B37-4F32-93F8-683B942F020F" otype="Table" vid="5CDFDEF6-13FB-4161-D3C8-0B5A716A96C5">
<hideElementsInCurrentOnly>false</hideElementsInCurrentOnly>
<bounds x="1018" y="277" width="375" height="211"/>
</OView>
<OView class="oracle.dbtools.crest.swingui.relational.TVTable" oid="DADC4E7D-8BE5-FEF6-2A72-F9033FDB705A" otype="Table" vid="01C49ABC-7C4B-2D57-8FA6-EA992ABD5EB1">
<hideElementsInCurrentOnly>false</hideElementsInCurrentOnly>
<bounds x="745" y="907" width="230" height="246"/>
</OView>
<OView class="oracle.dbtools.crest.swingui.relational.TVTable" oid="E2F1CEB2-4806-52B6-2EDE-9AF6C5360AB6" otype="Table" vid="E3EE3D0F-B61D-B2BC-64EC-B1B4BDC80856">
<hideElementsInCurrentOnly>false</hideElementsInCurrentOnly>
<bounds x="2565" y="609" width="265" height="166"/>
</OView>
<OView class="oracle.dbtools.crest.swingui.relational.TVTable" oid="E352F541-877E-F55B-B7BD-85CC4A35ADD8" otype="Table" vid="96982C57-20F5-7C65-B996-537F8AE1669F">
<hideElementsInCurrentOnly>false</hideElementsInCurrentOnly>
<bounds x="1442" y="991" width="170" height="110"/>
</OView>
<OView class="oracle.dbtools.crest.swingui.relational.TVTable" oid="E88B378C-5A33-329A-35A1-80E34F7F16D9" otype="Table" vid="7C7F7E15-56FB-2B7F-6CC1-16C786CF3351">
<hideElementsInCurrentOnly>false</hideElementsInCurrentOnly>
<bounds x="391" y="1496" width="162" height="96"/>
</OView>
<OView class="oracle.dbtools.crest.swingui.relational.TVTable" oid="E93EADBE-DF56-6379-4035-6F2F8DC27815" otype="Table" vid="369B3540-6720-AE17-E5CB-B91F0855A4DE">
<hideElementsInCurrentOnly>false</hideElementsInCurrentOnly>
<bounds x="1818" y="414" width="268" height="185"/>
</OView>
<OView class="oracle.dbtools.crest.swingui.relational.TVTable" oid="EC4CDD92-20BF-5392-44DA-211D74223C77" otype="Table" vid="D17433C6-A736-0CC5-9A7E-81E32FC52461">
<hideElementsInCurrentOnly>false</hideElementsInCurrentOnly>
<bounds x="872" y="678" width="220" height="103"/>
</OView>
<OView class="oracle.dbtools.crest.swingui.relational.TVTable" oid="EE45C733-DF8B-85AB-192C-5A57B3572271" otype="Table" vid="2204700D-07BD-ADFD-57E9-E06A9D501854">
<hideElementsInCurrentOnly>false</hideElementsInCurrentOnly>
<bounds x="275" y="456" width="231" height="140"/>
</OView>
<OView class="oracle.dbtools.crest.swingui.relational.TVTable" oid="FCC794AF-D553-9AB6-6938-6481CD10E1F1" otype="Table" vid="FF060F7C-1CBD-8D16-9AA0-BC149EB5840D">
<hideElementsInCurrentOnly>false</hideElementsInCurrentOnly>
<bounds x="805" y="1619" width="143" height="74"/>
</OView>
<OView class="oracle.dbtools.crest.swingui.relational.TVTable" oid="FD03F560-F0EA-ACE9-44DE-ADE72871D404" otype="Table" vid="0C96B8A3-ECCC-244E-B28B-B4EFA74521F8">
<hideElementsInCurrentOnly>false</hideElementsInCurrentOnly>
<bounds x="1299" y="810" width="175" height="149"/>
</OView>
</objectViews>
<connectors>
<Connector class="oracle.dbtools.crest.swingui.relational.TVFKRelation" oid="08F57250-DE8B-02EE-3B48-DC8995279C29" otype="FKIndexAssociation" vid_source="BC230EE3-B498-DE4C-CFC3-1F01D31F1CF1" vid_target="FB904CD9-1BD7-8052-6E5A-58C7F91845AF">
<hideElementsInCurrentOnly>false</hideElementsInCurrentOnly>
<backgroundColor>-16777216</backgroundColor>
<lineWidth>1</lineWidth>
<points>
<point x="2595" y="1252"/>
<point x="2536" y="1252"/>
</points>
</Connector>
<Connector class="oracle.dbtools.crest.swingui.relational.TVFKRelation" oid="0BE3735D-EA0C-E7EE-19D3-A3F55BCE6685" otype="FKIndexAssociation" vid_source="1E7CE410-DB48-9D30-5A7C-DBB96A3DB1A2" vid_target="D46252FB-89FA-4DAB-426C-0AB968C5B1FB">
<hideElementsInCurrentOnly>false</hideElementsInCurrentOnly>
<backgroundColor>-16777216</backgroundColor>
<lineWidth>1</lineWidth>
<points>
<point x="1832" y="1725"/>
<point x="1793" y="1725"/>
</points>
</Connector>
<Connector class="oracle.dbtools.crest.swingui.relational.TVFKRelation" oid="0BF435BF-D94F-EABD-87D0-151CEB862B84" otype="FKIndexAssociation" vid_source="C3BDA5B4-FB55-D3EB-4261-4D542F71720C" vid_target="0FEF065D-DA25-72F5-2BE3-0445B16C0392">
<hideElementsInCurrentOnly>false</hideElementsInCurrentOnly>
<backgroundColor>-16777216</backgroundColor>
<lineWidth>1</lineWidth>
<points>
<point x="1371" y="1359"/>
<point x="1951" y="1359"/>
</points>
</Connector>
<Connector class="oracle.dbtools.crest.swingui.relational.TVFKRelation" oid="1084F8AD-1DEB-6E98-8CC5-6618D2E76BCF" otype="FKIndexAssociation" vid_source="1F898E06-1E72-608D-6035-40A26B348241" vid_target="296ADFA9-89DA-7415-EDBB-C9FABD48A0FE">
<hideElementsInCurrentOnly>false</hideElementsInCurrentOnly>
<backgroundColor>-16777216</backgroundColor>
<lineWidth>1</lineWidth>
<points>
<point x="601" y="1131"/>
<point x="601" y="1214"/>
</points>
</Connector>
<Connector class="oracle.dbtools.crest.swingui.relational.TVFKRelation" oid="12916DBD-C6D9-83D1-CC9E-8D3186D8F047" otype="FKIndexAssociation" vid_source="C3BDA5B4-FB55-D3EB-4261-4D542F71720C" vid_target="EE5A6F7C-7993-71AC-ABFD-A114E7095285">
<hideElementsInCurrentOnly>false</hideElementsInCurrentOnly>
<backgroundColor>-16777216</backgroundColor>
<lineWidth>1</lineWidth>
<points>
<point x="1212" y="1406"/>
<point x="1212" y="1447"/>
</points>
</Connector>
<Connector class="oracle.dbtools.crest.swingui.relational.TVFKRelation" oid="14CDE4C4-5149-E2E7-D5B7-BE25F16A5760" otype="FKIndexAssociation" vid_source="E262AE20-E809-D0B3-59E6-E2ACBE0A6C97" vid_target="01C49ABC-7C4B-2D57-8FA6-EA992ABD5EB1">
<hideElementsInCurrentOnly>false</hideElementsInCurrentOnly>
<backgroundColor>-16777216</backgroundColor>
<lineWidth>1</lineWidth>
<points>
<point x="773" y="802"/>
<point x="773" y="907"/>
</points>
</Connector>
<Connector class="oracle.dbtools.crest.swingui.relational.TVFKRelation" oid="167A9900-CB5D-A1A0-B379-7FCA67BEE36D" otype="FKIndexAssociation" vid_source="7C7F7E15-56FB-2B7F-6CC1-16C786CF3351" vid_target="33F34C9D-4679-BF2F-8215-B530D44A8E20">
<hideElementsInCurrentOnly>false</hideElementsInCurrentOnly>
<backgroundColor>-16777216</backgroundColor>
<lineWidth>1</lineWidth>
<points>
<point x="391" y="1530"/>
<point x="354" y="1530"/>
</points>
</Connector>
<Connector class="oracle.dbtools.crest.swingui.relational.TVFKRelation" oid="2206CB3C-859F-6382-91EB-4F205700B8D2" otype="FKIndexAssociation" vid_source="BC230EE3-B498-DE4C-CFC3-1F01D31F1CF1" vid_target="B8732525-85CE-3F10-8D0F-792DFE6EEF8E">
<hideElementsInCurrentOnly>false</hideElementsInCurrentOnly>
<backgroundColor>-16777216</backgroundColor>
<lineWidth>1</lineWidth>
<points>
<point x="2595" y="1364"/>
<point x="2513" y="1364"/>
</points>
</Connector>
<Connector class="oracle.dbtools.crest.swingui.relational.TVFKRelation" oid="2539DB1F-EA72-AC71-3FCA-9967B6664812" otype="FKIndexAssociation" vid_source="FF060F7C-1CBD-8D16-9AA0-BC149EB5840D" vid_target="4DAF5467-6F90-B863-EA67-1C6484D6CABE">
<hideElementsInCurrentOnly>false</hideElementsInCurrentOnly>
<backgroundColor>-16777216</backgroundColor>
<lineWidth>1</lineWidth>
<points>
<point x="891" y="1619"/>
<point x="891" y="1587"/>
</points>
</Connector>
<Connector class="oracle.dbtools.crest.swingui.relational.TVFKRelation" oid="257A243F-A24C-0C39-7CB9-14754D82FB77" otype="FKIndexAssociation" vid_source="56F9D206-A7EF-22F5-E80B-BEFC65E866D8" vid_target="4FE80F5D-97C1-AF02-9628-BE6928668DAF">
<hideElementsInCurrentOnly>false</hideElementsInCurrentOnly>
<backgroundColor>-16777216</backgroundColor>
<lineWidth>1</lineWidth>
<points>
<point x="1630" y="1477"/>
<point x="1598" y="1477"/>
</points>
</Connector>
<Connector class="oracle.dbtools.crest.swingui.relational.TVFKRelation" oid="2A9DC00A-40AA-C954-C264-F7ED6462F347" otype="FKIndexAssociation" vid_source="3BF2D03B-6304-61DD-3225-AC0298B3E849" vid_target="4DAF5467-6F90-B863-EA67-1C6484D6CABE">
<hideElementsInCurrentOnly>false</hideElementsInCurrentOnly>
<backgroundColor>-16777216</backgroundColor>
<lineWidth>1</lineWidth>
<points>
<point x="747" y="1456"/>
<point x="834" y="1456"/>
</points>
</Connector>
<Connector class="oracle.dbtools.crest.swingui.relational.TVFKRelation" oid="2AD9C222-29D8-CB65-CC0C-E2D02C66F9B6" otype="FKIndexAssociation" vid_source="56F9D206-A7EF-22F5-E80B-BEFC65E866D8" vid_target="D46252FB-89FA-4DAB-426C-0AB968C5B1FB">
<hideElementsInCurrentOnly>false</hideElementsInCurrentOnly>
<backgroundColor>-16777216</backgroundColor>
<lineWidth>1</lineWidth>
<points>
<point x="1711" y="1535"/>
<point x="1711" y="1671"/>
</points>
</Connector>
<Connector class="oracle.dbtools.crest.swingui.relational.TVFKRelation" oid="2C445C51-1266-F754-FE45-A38E9F60098C" otype="FKIndexAssociation" vid_source="42294590-BAD4-6B66-E741-BBB5D743C931" vid_target="5717CD8E-2706-8F57-C27F-94066C2139E4">
<hideElementsInCurrentOnly>false</hideElementsInCurrentOnly>
<backgroundColor>-16777216</backgroundColor>
<lineWidth>1</lineWidth>
<points>
<point x="2011" y="780"/>
<point x="2089" y="780"/>
</points>
</Connector>
<Connector class="oracle.dbtools.crest.swingui.relational.TVFKRelation" oid="2D6204AF-6AB4-C8A1-16C2-631AA45A8A5B" otype="FKIndexAssociation" vid_source="7C7F7E15-56FB-2B7F-6CC1-16C786CF3351" vid_target="4DAF5467-6F90-B863-EA67-1C6484D6CABE">
<hideElementsInCurrentOnly>false</hideElementsInCurrentOnly>
<backgroundColor>-16777216</backgroundColor>
<lineWidth>1</lineWidth>
<points>
<point x="553" y="1541"/>
<point x="834" y="1541"/>
</points>
</Connector>
<Connector class="oracle.dbtools.crest.swingui.relational.TVFKRelation" oid="31B53E65-BBA6-4037-B53E-0628917E68DA" otype="FKIndexAssociation" vid_source="8BA7EF5F-01C3-9F77-2ED8-E423B9076DDD" vid_target="01C49ABC-7C4B-2D57-8FA6-EA992ABD5EB1">
<hideElementsInCurrentOnly>false</hideElementsInCurrentOnly>
<backgroundColor>-16777216</backgroundColor>
<lineWidth>1</lineWidth>
<points>
<point x="672" y="976"/>
<point x="745" y="976"/>
</points>
</Connector>
<Connector class="oracle.dbtools.crest.swingui.relational.TVFKRelation" oid="391E229E-A4DD-0B31-EA89-B22344ECEA27" otype="FKIndexAssociation" vid_source="4AB06BE0-C878-BC62-08F8-128F316F6BBF" vid_target="C3BDA5B4-FB55-D3EB-4261-4D542F71720C">
<hideElementsInCurrentOnly>false</hideElementsInCurrentOnly>
<backgroundColor>-16777216</backgroundColor>
<lineWidth>1</lineWidth>
<points>
<point x="1119" y="1313"/>
<point x="1165" y="1313"/>
</points>
</Connector>
<Connector class="oracle.dbtools.crest.swingui.relational.TVFKRelation" oid="3DA56847-2E9D-7D5B-32C4-269A41570CCB" otype="FKIndexAssociation" vid_source="E262AE20-E809-D0B3-59E6-E2ACBE0A6C97" vid_target="0C96B8A3-ECCC-244E-B28B-B4EFA74521F8">
<hideElementsInCurrentOnly>false</hideElementsInCurrentOnly>
<backgroundColor>-16777216</backgroundColor>
<lineWidth>1</lineWidth>
<points>
<point x="801" y="769"/>
<point x="1299" y="867"/>
</points>
</Connector>
<Connector class="oracle.dbtools.crest.swingui.relational.TVFKRelation" oid="3F3930A0-032F-7C92-A237-6A6B3C1A1CFB" otype="FKIndexAssociation" vid_source="886D5247-6D00-F73A-2426-85D187DEC07C" vid_target="C3BDA5B4-FB55-D3EB-4261-4D542F71720C">
<hideElementsInCurrentOnly>false</hideElementsInCurrentOnly>
<backgroundColor>-16777216</backgroundColor>
<lineWidth>1</lineWidth>
<points>
<point x="1440" y="1241"/>
<point x="1371" y="1241"/>
</points>
</Connector>
<Connector class="oracle.dbtools.crest.swingui.relational.TVFKRelation" oid="44EB4EED-F42B-7785-348E-29E9E92765B5" otype="FKIndexAssociation" vid_source="7C7F7E15-56FB-2B7F-6CC1-16C786CF3351" vid_target="51704C06-BFA6-7CBF-8552-CBA26B190ADF">
<hideElementsInCurrentOnly>false</hideElementsInCurrentOnly>
<backgroundColor>-16777216</backgroundColor>
<lineWidth>1</lineWidth>
<points>
<point x="472" y="1592"/>
<point x="472" y="1640"/>
</points>
</Connector>
<Connector class="oracle.dbtools.crest.swingui.relational.TVFKRelation" oid="46CBFDD9-777E-319C-4B6D-EA87B4701335" otype="FKIndexAssociation" vid_source="5717CD8E-2706-8F57-C27F-94066C2139E4" vid_target="067364BF-5521-A274-EE18-9335F0C2FD97">
<hideElementsInCurrentOnly>false</hideElementsInCurrentOnly>
<backgroundColor>-16777216</backgroundColor>
<lineWidth>1</lineWidth>
<points>
<point x="2302" y="696"/>
<point x="2302" y="640"/>
</points>
</Connector>
<Connector class="oracle.dbtools.crest.swingui.relational.TVFKRelation" oid="46D4C5DD-7CE0-31DA-A023-34F45360F241" otype="FKIndexAssociation" vid_source="C3BDA5B4-FB55-D3EB-4261-4D542F71720C" vid_target="4B4E6D43-65E8-33F2-BACA-79B134AC5ADF">
<hideElementsInCurrentOnly>false</hideElementsInCurrentOnly>
<backgroundColor>-16777216</backgroundColor>
<lineWidth>1</lineWidth>
<points>
<point x="1248" y="1235"/>
<point x="1248" y="1148"/>
</points>
</Connector>
<Connector class="oracle.dbtools.crest.swingui.relational.TVFKRelation" oid="48B900A2-9507-B2DF-BC5E-226229F02977" otype="FKIndexAssociation" vid_source="F65BDC98-CC63-C6F0-4059-F945EF826B9A" vid_target="FB904CD9-1BD7-8052-6E5A-58C7F91845AF">
<hideElementsInCurrentOnly>false</hideElementsInCurrentOnly>
<backgroundColor>-16777216</backgroundColor>
<lineWidth>1</lineWidth>
<points>
<point x="2034" y="1090"/>
<point x="2281" y="1179"/>
</points>
</Connector>
<Connector class="oracle.dbtools.crest.swingui.relational.TVFKRelation" oid="4AD60818-A57A-118E-A559-C5A767487D45" otype="FKIndexAssociation" vid_source="369B3540-6720-AE17-E5CB-B91F0855A4DE" vid_target="369B3540-6720-AE17-E5CB-B91F0855A4DE">
<hideElementsInCurrentOnly>false</hideElementsInCurrentOnly>
<backgroundColor>-16777216</backgroundColor>
<lineWidth>1</lineWidth>
<points>
<point x="2086" y="522"/>
<point x="2136" y="522"/>
<point x="2136" y="649"/>
<point x="1975" y="649"/>
<point x="1975" y="599"/>
</points>
</Connector>
<Connector class="oracle.dbtools.crest.swingui.relational.TVFKRelation" oid="4B4E054E-DF80-AFE0-1917-06E4EAE9AF08" otype="FKIndexAssociation" vid_source="2204700D-07BD-ADFD-57E9-E06A9D501854" vid_target="5CDFDEF6-13FB-4161-D3C8-0B5A716A96C5">
<hideElementsInCurrentOnly>false</hideElementsInCurrentOnly>
<backgroundColor>-16777216</backgroundColor>
<lineWidth>1</lineWidth>
<points>
<point x="506" y="472"/>
<point x="1018" y="472"/>
</points>
</Connector>
<Connector class="oracle.dbtools.crest.swingui.relational.TVFKRelation" oid="4E35AC2B-F3A8-AE58-6130-1597848FC15B" otype="FKIndexAssociation" vid_source="5717CD8E-2706-8F57-C27F-94066C2139E4" vid_target="E3EE3D0F-B61D-B2BC-64EC-B1B4BDC80856">
<hideElementsInCurrentOnly>false</hideElementsInCurrentOnly>
<backgroundColor>-16777216</backgroundColor>
<lineWidth>1</lineWidth>
<points>
<point x="2408" y="735"/>
<point x="2565" y="735"/>
</points>
</Connector>
<Connector class="oracle.dbtools.crest.swingui.relational.TVFKRelation" oid="5175C0EC-92D8-F48E-3550-F821515547E2" otype="FKIndexAssociation" vid_source="4B4E6D43-65E8-33F2-BACA-79B134AC5ADF" vid_target="4AB06BE0-C878-BC62-08F8-128F316F6BBF">
<hideElementsInCurrentOnly>false</hideElementsInCurrentOnly>
<backgroundColor>-16777216</backgroundColor>
<lineWidth>1</lineWidth>
<points>
<point x="1100" y="1148"/>
<point x="1100" y="1241"/>
</points>
</Connector>
<Connector class="oracle.dbtools.crest.swingui.relational.TVFKRelation" oid="5209AE73-3BD6-42A2-4A06-63857D1928C5" otype="FKIndexAssociation" vid_source="2204700D-07BD-ADFD-57E9-E06A9D501854" vid_target="D17433C6-A736-0CC5-9A7E-81E32FC52461">
<hideElementsInCurrentOnly>false</hideElementsInCurrentOnly>
<backgroundColor>-16777216</backgroundColor>
<lineWidth>1</lineWidth>
<points>
<point x="506" y="565"/>
<point x="872" y="691"/>
</points>
</Connector>
<Connector class="oracle.dbtools.crest.swingui.relational.TVFKRelation" oid="528D3299-8481-F289-9BCE-8F10FFC18D2C" otype="FKIndexAssociation" vid_source="1E7CE410-DB48-9D30-5A7C-DBB96A3DB1A2" vid_target="B5DB23AE-CADB-CA96-51D4-4D6D4270A8EC">
<hideElementsInCurrentOnly>false</hideElementsInCurrentOnly>
<backgroundColor>-16777216</backgroundColor>
<lineWidth>1</lineWidth>
<points>
<point x="2038" y="1718"/>
<point x="2078" y="1718"/>
</points>
</Connector>
<Connector class="oracle.dbtools.crest.swingui.relational.TVFKRelation" oid="52CB208F-5C5A-5895-0F87-9B3611706726" otype="FKIndexAssociation" vid_source="4B9B5C77-F751-919F-302C-362034ED84E8" vid_target="84D68871-17AA-E5B0-962F-AF9CAB4F333A">
<hideElementsInCurrentOnly>false</hideElementsInCurrentOnly>
<backgroundColor>-16777216</backgroundColor>
<lineWidth>1</lineWidth>
<points>
<point x="1558" y="662"/>
<point x="1558" y="633"/>
</points>
</Connector>
<Connector class="oracle.dbtools.crest.swingui.relational.TVFKRelation" oid="54721F93-C856-F791-01DA-E248325455C0" otype="FKIndexAssociation" vid_source="4B4E6D43-65E8-33F2-BACA-79B134AC5ADF" vid_target="F99A784F-5A9A-BA01-85FB-EC4C86DEFE7D">
<hideElementsInCurrentOnly>false</hideElementsInCurrentOnly>
<backgroundColor>-16777216</backgroundColor>
<lineWidth>1</lineWidth>
<points>
<point x="1125" y="980"/>
<point x="1125" y="949"/>
</points>
</Connector>
<Connector class="oracle.dbtools.crest.swingui.relational.TVFKRelation" oid="59A5F757-81A7-3574-4007-FE404A50FEBF" otype="FKIndexAssociation" vid_source="0255A1CA-746F-D205-DE0C-966C89FFC5D4" vid_target="4FE80F5D-97C1-AF02-9628-BE6928668DAF">
<hideElementsInCurrentOnly>false</hideElementsInCurrentOnly>
<backgroundColor>-16777216</backgroundColor>
<lineWidth>1</lineWidth>
<points>
<point x="1266" y="1602"/>
<point x="1339" y="1602"/>
</points>
</Connector>
<Connector class="oracle.dbtools.crest.swingui.relational.TVFKRelation" oid="63738CF0-CE5D-DE48-7654-F62F1BD5076C" otype="FKIndexAssociation" vid_source="1E7CE410-DB48-9D30-5A7C-DBB96A3DB1A2" vid_target="F65BDC98-CC63-C6F0-4059-F945EF826B9A">
<hideElementsInCurrentOnly>false</hideElementsInCurrentOnly>
<backgroundColor>-16777216</backgroundColor>
<lineWidth>1</lineWidth>
<points>
<point x="1933" y="1657"/>
<point x="1933" y="1136"/>
</points>
</Connector>
<Connector class="oracle.dbtools.crest.swingui.relational.TVFKRelation" oid="655AD8A6-C583-C081-7B30-A7FE667D3C71" otype="FKIndexAssociation" vid_source="4B9B5C77-F751-919F-302C-362034ED84E8" vid_target="0C96B8A3-ECCC-244E-B28B-B4EFA74521F8">
<hideElementsInCurrentOnly>false</hideElementsInCurrentOnly>
<backgroundColor>-16777216</backgroundColor>
<lineWidth>1</lineWidth>
<points>
<point x="1458" y="794"/>
<point x="1458" y="810"/>
</points>
</Connector>
<Connector class="oracle.dbtools.crest.swingui.relational.TVFKRelation" oid="663B5589-7143-F173-CA50-F3958500512E" otype="FKIndexAssociation" vid_source="0C96B8A3-ECCC-244E-B28B-B4EFA74521F8" vid_target="42294590-BAD4-6B66-E741-BBB5D743C931">
<hideElementsInCurrentOnly>false</hideElementsInCurrentOnly>
<backgroundColor>-16777216</backgroundColor>
<lineWidth>1</lineWidth>
<points>
<point x="1474" y="857"/>
<point x="1718" y="857"/>
</points>
</Connector>
<Connector class="oracle.dbtools.crest.swingui.relational.TVFKRelation" oid="668B80B5-CADD-C177-5AA7-F62C23D835AF" otype="FKIndexAssociation" vid_source="DCF0523B-45A9-1E9E-FD03-1066C8DA7308" vid_target="BC230EE3-B498-DE4C-CFC3-1F01D31F1CF1">
<hideElementsInCurrentOnly>false</hideElementsInCurrentOnly>
<backgroundColor>-16777216</backgroundColor>
<lineWidth>1</lineWidth>
<points>
<point x="2690" y="1417"/>
<point x="2690" y="1381"/>
</points>
</Connector>
<Connector class="oracle.dbtools.crest.swingui.relational.TVFKRelation" oid="6D4B8EDD-F5B9-FBD8-33FC-8B5F102F4985" otype="FKIndexAssociation" vid_source="C3BDA5B4-FB55-D3EB-4261-4D542F71720C" vid_target="56F9D206-A7EF-22F5-E80B-BEFC65E866D8">
<hideElementsInCurrentOnly>false</hideElementsInCurrentOnly>
<backgroundColor>-16777216</backgroundColor>
<lineWidth>1</lineWidth>
<points>
<point x="1371" y="1402"/>
<point x="1630" y="1402"/>
</points>
</Connector>
<Connector class="oracle.dbtools.crest.swingui.relational.TVFKRelation" oid="6EC42E52-63F8-627A-F56B-183E65FAFFA9" otype="FKIndexAssociation" vid_source="96982C57-20F5-7C65-B996-537F8AE1669F" vid_target="886D5247-6D00-F73A-2426-85D187DEC07C">
<hideElementsInCurrentOnly>false</hideElementsInCurrentOnly>
<backgroundColor>-16777216</backgroundColor>
<lineWidth>1</lineWidth>
<points>
<point x="1526" y="1101"/>
<point x="1526" y="1138"/>
</points>
</Connector>
<Connector class="oracle.dbtools.crest.swingui.relational.TVFKRelation" oid="74489A0C-6507-D096-ACA9-16FAB5CF369C" otype="FKIndexAssociation" vid_source="BACF9C6F-3BC5-9C7C-654C-A5605F0AAE98" vid_target="98FBAF0A-EAB4-8049-2050-5FA42D8B8E90">
<hideElementsInCurrentOnly>false</hideElementsInCurrentOnly>
<backgroundColor>-16777216</backgroundColor>
<lineWidth>1</lineWidth>
<points>
<point x="1208" y="603"/>
<point x="1208" y="658"/>
</points>
</Connector>
<Connector class="oracle.dbtools.crest.swingui.relational.TVFKRelation" oid="7594229C-DE35-81DD-44BD-61E6DF8F882B" otype="FKIndexAssociation" vid_source="5717CD8E-2706-8F57-C27F-94066C2139E4" vid_target="F94CDEB1-0F10-C5E1-462E-A10AA3D1D343">
<hideElementsInCurrentOnly>false</hideElementsInCurrentOnly>
<backgroundColor>-16777216</backgroundColor>
<lineWidth>1</lineWidth>
<points>
<point x="2232" y="847"/>
<point x="2232" y="890"/>
</points>
</Connector>
<Connector class="oracle.dbtools.crest.swingui.relational.TVFKRelation" oid="76120002-B253-2B11-73D5-B050BBBC44AD" otype="FKIndexAssociation" vid_source="4AB06BE0-C878-BC62-08F8-128F316F6BBF" vid_target="296ADFA9-89DA-7415-EDBB-C9FABD48A0FE">
<hideElementsInCurrentOnly>false</hideElementsInCurrentOnly>
<backgroundColor>-16777216</backgroundColor>
<lineWidth>1</lineWidth>
<points>
<point x="873" y="1313"/>
<point x="787" y="1313"/>
</points>
</Connector>
<Connector class="oracle.dbtools.crest.swingui.relational.TVFKRelation" oid="8CAB8E50-F75F-729A-C3E9-84C9FA84EDFA" otype="FKIndexAssociation" vid_source="4B4E6D43-65E8-33F2-BACA-79B134AC5ADF" vid_target="01C49ABC-7C4B-2D57-8FA6-EA992ABD5EB1">
<hideElementsInCurrentOnly>false</hideElementsInCurrentOnly>
<backgroundColor>-16777216</backgroundColor>
<lineWidth>1</lineWidth>
<points>
<point x="1051" y="1079"/>
<point x="975" y="1079"/>
</points>
</Connector>
<Connector class="oracle.dbtools.crest.swingui.relational.TVFKRelation" oid="8DD9721D-623E-979F-E172-4F7F6E1B77BE" otype="FKIndexAssociation" vid_source="56F9D206-A7EF-22F5-E80B-BEFC65E866D8" vid_target="0FEF065D-DA25-72F5-2BE3-0445B16C0392">
<hideElementsInCurrentOnly>false</hideElementsInCurrentOnly>
<backgroundColor>-16777216</backgroundColor>
<lineWidth>1</lineWidth>
<points>
<point x="1865" y="1408"/>
<point x="1951" y="1408"/>
</points>
</Connector>
<Connector class="oracle.dbtools.crest.swingui.relational.TVFKRelation" oid="928ECFB9-9898-08AA-43BF-03EFE65E4E62" otype="FKIndexAssociation" vid_source="0C96B8A3-ECCC-244E-B28B-B4EFA74521F8" vid_target="98FBAF0A-EAB4-8049-2050-5FA42D8B8E90">
<hideElementsInCurrentOnly>false</hideElementsInCurrentOnly>
<backgroundColor>-16777216</backgroundColor>
<lineWidth>1</lineWidth>
<points>
<point x="1371" y="810"/>
<point x="1371" y="796"/>
</points>
</Connector>
<Connector class="oracle.dbtools.crest.swingui.relational.TVFKRelation" oid="92E202C8-C7F9-B053-CA8A-80117A01F079" otype="FKIndexAssociation" vid_source="0C96B8A3-ECCC-244E-B28B-B4EFA74521F8" vid_target="492F52FB-901B-F8A4-4C8C-D2F6D6046AB0">
<hideElementsInCurrentOnly>false</hideElementsInCurrentOnly>
<backgroundColor>-16777216</backgroundColor>
<lineWidth>1</lineWidth>
<points>
<point x="1459" y="959"/>
<point x="1642" y="1224"/>
</points>
</Connector>
<Connector class="oracle.dbtools.crest.swingui.relational.TVFKRelation" oid="9595CEF2-FDCD-718F-DE55-282F379271B7" otype="FKIndexAssociation" vid_source="56F9D206-A7EF-22F5-E80B-BEFC65E866D8" vid_target="F65BDC98-CC63-C6F0-4059-F945EF826B9A">
<hideElementsInCurrentOnly>false</hideElementsInCurrentOnly>
<backgroundColor>-16777216</backgroundColor>
<lineWidth>1</lineWidth>
<points>
<point x="1828" y="1368"/>
<point x="1828" y="1136"/>
</points>
</Connector>
<Connector class="oracle.dbtools.crest.swingui.relational.TVFKRelation" oid="996FF89E-5858-0503-E596-41EE6BCB1783" otype="FKIndexAssociation" vid_source="0C96B8A3-ECCC-244E-B28B-B4EFA74521F8" vid_target="C3BDA5B4-FB55-D3EB-4261-4D542F71720C">
<hideElementsInCurrentOnly>false</hideElementsInCurrentOnly>
<backgroundColor>-16777216</backgroundColor>
<lineWidth>1</lineWidth>
<points>
<point x="1350" y="959"/>
<point x="1350" y="1235"/>
</points>
</Connector>
<Connector class="oracle.dbtools.crest.swingui.relational.TVFKRelation" oid="A2428EF5-8C68-6C86-482C-1AEEFCAA6BD6" otype="FKIndexAssociation" vid_source="369B3540-6720-AE17-E5CB-B91F0855A4DE" vid_target="5CDFDEF6-13FB-4161-D3C8-0B5A716A96C5">
<hideElementsInCurrentOnly>false</hideElementsInCurrentOnly>
<backgroundColor>-16777216</backgroundColor>
<lineWidth>1</lineWidth>
<points>
<point x="1818" y="451"/>
<point x="1393" y="451"/>
</points>
</Connector>
<Connector class="oracle.dbtools.crest.swingui.relational.TVFKRelation" oid="A34935D8-3A4B-FBE7-FDC0-8F4E2979DD8E" otype="FKIndexAssociation" vid_source="0966F4B9-0B62-E96E-0BBA-C8CD1EF607D0" vid_target="F94CDEB1-0F10-C5E1-462E-A10AA3D1D343">
<hideElementsInCurrentOnly>false</hideElementsInCurrentOnly>
<backgroundColor>-16777216</backgroundColor>
<lineWidth>1</lineWidth>
<points>
<point x="2418" y="1054"/>
<point x="2356" y="1054"/>
</points>
</Connector>
<Connector class="oracle.dbtools.crest.swingui.relational.TVFKRelation" oid="A53DE486-0FB4-35B8-F825-427C4D238F6F" otype="FKIndexAssociation" vid_source="98FBAF0A-EAB4-8049-2050-5FA42D8B8E90" vid_target="5CDFDEF6-13FB-4161-D3C8-0B5A716A96C5">
<hideElementsInCurrentOnly>false</hideElementsInCurrentOnly>
<backgroundColor>-16777216</backgroundColor>
<lineWidth>1</lineWidth>
<points>
<point x="1343" y="658"/>
<point x="1343" y="488"/>
</points>
</Connector>
<Connector class="oracle.dbtools.crest.swingui.relational.TVFKRelation" oid="AABB6932-40E4-B5B8-F6A0-3BE4C69A0D87" otype="FKIndexAssociation" vid_source="369B3540-6720-AE17-E5CB-B91F0855A4DE" vid_target="84D68871-17AA-E5B0-962F-AF9CAB4F333A">
<hideElementsInCurrentOnly>false</hideElementsInCurrentOnly>
<backgroundColor>-16777216</backgroundColor>
<lineWidth>1</lineWidth>
<points>
<point x="1818" y="541"/>
<point x="1765" y="541"/>
</points>
</Connector>
<Connector class="oracle.dbtools.crest.swingui.relational.TVFKRelation" oid="B850AE4F-A9E5-7337-AAC5-4CCF3F3D7C86" otype="FKIndexAssociation" vid_source="4B4E6D43-65E8-33F2-BACA-79B134AC5ADF" vid_target="96982C57-20F5-7C65-B996-537F8AE1669F">
<hideElementsInCurrentOnly>false</hideElementsInCurrentOnly>
<backgroundColor>-16777216</backgroundColor>
<lineWidth>1</lineWidth>
<points>
<point x="1272" y="1046"/>
<point x="1442" y="1046"/>
</points>
</Connector>
<Connector class="oracle.dbtools.crest.swingui.relational.TVFKRelation" oid="B97B1FA4-874D-FFC4-63EC-7475C09BEAC2" otype="FKIndexAssociation" vid_source="4B9B5C77-F751-919F-302C-362034ED84E8" vid_target="42294590-BAD4-6B66-E741-BBB5D743C931">
<hideElementsInCurrentOnly>false</hideElementsInCurrentOnly>
<backgroundColor>-16777216</backgroundColor>
<lineWidth>1</lineWidth>
<points>
<point x="1666" y="754"/>
<point x="1718" y="754"/>
</points>
</Connector>
<Connector class="oracle.dbtools.crest.swingui.relational.TVFKRelation" oid="BD25906E-989C-5C81-26D3-F5617457EFB1" otype="FKIndexAssociation" vid_source="98FBAF0A-EAB4-8049-2050-5FA42D8B8E90" vid_target="D17433C6-A736-0CC5-9A7E-81E32FC52461">
<hideElementsInCurrentOnly>false</hideElementsInCurrentOnly>
<backgroundColor>-16777216</backgroundColor>
<lineWidth>1</lineWidth>
<points>
<point x="1156" y="729"/>
<point x="1092" y="729"/>
</points>
</Connector>
<Connector class="oracle.dbtools.crest.swingui.relational.TVFKRelation" oid="C0B254ED-3A6A-2D25-FC82-C82FC4120E42" otype="FKIndexAssociation" vid_source="FB904CD9-1BD7-8052-6E5A-58C7F91845AF" vid_target="B8732525-85CE-3F10-8D0F-792DFE6EEF8E">
<hideElementsInCurrentOnly>false</hideElementsInCurrentOnly>
<backgroundColor>-16777216</backgroundColor>
<lineWidth>1</lineWidth>
<points>
<point x="2414" y="1298"/>
<point x="2414" y="1347"/>
</points>
</Connector>
<Connector class="oracle.dbtools.crest.swingui.relational.TVFKRelation" oid="C13530F2-C41A-4228-5D63-E01FB9843E1E" otype="FKIndexAssociation" vid_source="4DAF5467-6F90-B863-EA67-1C6484D6CABE" vid_target="EE5A6F7C-7993-71AC-ABFD-A114E7095285">
<hideElementsInCurrentOnly>false</hideElementsInCurrentOnly>
<backgroundColor>-16777216</backgroundColor>
<lineWidth>1</lineWidth>
<points>
<point x="981" y="1497"/>
<point x="1039" y="1497"/>
</points>
</Connector>
<Connector class="oracle.dbtools.crest.swingui.relational.TVFKRelation" oid="C3952667-65D7-E0AC-C94B-7639802F31F1" otype="FKIndexAssociation" vid_source="C3BDA5B4-FB55-D3EB-4261-4D542F71720C" vid_target="4B4E6D43-65E8-33F2-BACA-79B134AC5ADF">
<hideElementsInCurrentOnly>false</hideElementsInCurrentOnly>
<backgroundColor>-16777216</backgroundColor>
<lineWidth>1</lineWidth>
<points>
<point x="1233" y="1235"/>
<point x="1233" y="1148"/>
</points>
</Connector>
<Connector class="oracle.dbtools.crest.swingui.relational.TVFKRelation" oid="C4A475B6-3164-B016-05C3-14DC8038ADF9" otype="FKIndexAssociation" vid_source="6A69B688-7E10-3A09-0BF0-E8DB1D33E997" vid_target="4FE80F5D-97C1-AF02-9628-BE6928668DAF">
<hideElementsInCurrentOnly>false</hideElementsInCurrentOnly>
<backgroundColor>-16777216</backgroundColor>
<lineWidth>1</lineWidth>
<points>
<point x="1493" y="1704"/>
<point x="1493" y="1609"/>
</points>
</Connector>
<Connector class="oracle.dbtools.crest.swingui.relational.TVFKRelation" oid="C6ACCD09-750F-0873-969D-09A764445B03" otype="FKIndexAssociation" vid_source="5717CD8E-2706-8F57-C27F-94066C2139E4" vid_target="708FFC78-A804-F4BD-5E69-0B96365DB257">
<hideElementsInCurrentOnly>false</hideElementsInCurrentOnly>
<backgroundColor>-16777216</backgroundColor>
<lineWidth>1</lineWidth>
<points>
<point x="2408" y="827"/>
<point x="2565" y="827"/>
</points>
</Connector>
<Connector class="oracle.dbtools.crest.swingui.relational.TVFKRelation" oid="D226D1DE-EAF8-BF76-F8EC-08A0D11BE9F0" otype="FKIndexAssociation" vid_source="4B4E6D43-65E8-33F2-BACA-79B134AC5ADF" vid_target="01C49ABC-7C4B-2D57-8FA6-EA992ABD5EB1">
<hideElementsInCurrentOnly>false</hideElementsInCurrentOnly>
<backgroundColor>-16777216</backgroundColor>
<lineWidth>1</lineWidth>
<points>
<point x="1051" y="1064"/>
<point x="975" y="1064"/>
</points>
</Connector>
<Connector class="oracle.dbtools.crest.swingui.relational.TVFKRelation" oid="D3FE048C-F435-D690-D4A2-81C5D9930D0E" otype="FKIndexAssociation" vid_source="E262AE20-E809-D0B3-59E6-E2ACBE0A6C97" vid_target="2204700D-07BD-ADFD-57E9-E06A9D501854">
<hideElementsInCurrentOnly>false</hideElementsInCurrentOnly>
<backgroundColor>-16777216</backgroundColor>
<lineWidth>1</lineWidth>
<points>
<point x="611" y="691"/>
<point x="484" y="596"/>
</points>
</Connector>
<Connector class="oracle.dbtools.crest.swingui.relational.TVFKRelation" oid="D84F45F7-31A2-931A-E828-3D17F208CFEA" otype="FKIndexAssociation" vid_source="C3BDA5B4-FB55-D3EB-4261-4D542F71720C" vid_target="492F52FB-901B-F8A4-4C8C-D2F6D6046AB0">
<hideElementsInCurrentOnly>false</hideElementsInCurrentOnly>
<backgroundColor>-16777216</backgroundColor>
<lineWidth>1</lineWidth>
<points>
<point x="1371" y="1283"/>
<point x="1642" y="1283"/>
</points>
</Connector>
<Connector class="oracle.dbtools.crest.swingui.relational.TVFKRelation" oid="DC4443A1-B886-6044-E654-C6736EEF7DCB" otype="FKIndexAssociation" vid_source="296ADFA9-89DA-7415-EDBB-C9FABD48A0FE" vid_target="01C49ABC-7C4B-2D57-8FA6-EA992ABD5EB1">
<hideElementsInCurrentOnly>false</hideElementsInCurrentOnly>
<backgroundColor>-16777216</backgroundColor>
<lineWidth>1</lineWidth>
<points>
<point x="766" y="1214"/>
<point x="766" y="1153"/>
</points>
</Connector>
<Connector class="oracle.dbtools.crest.swingui.relational.TVFKRelation" oid="DCB68C6C-A101-274A-15F4-C137AFFF0939" otype="FKIndexAssociation" vid_source="4B4E6D43-65E8-33F2-BACA-79B134AC5ADF" vid_target="4AB06BE0-C878-BC62-08F8-128F316F6BBF">
<hideElementsInCurrentOnly>false</hideElementsInCurrentOnly>
<backgroundColor>-16777216</backgroundColor>
<lineWidth>1</lineWidth>
<points>
<point x="1115" y="1148"/>
<point x="1115" y="1241"/>
</points>
</Connector>
<Connector class="oracle.dbtools.crest.swingui.relational.TVFKRelation" oid="DDDEF57A-D20F-E739-8416-82CAD465C2AF" otype="FKIndexAssociation" vid_source="E262AE20-E809-D0B3-59E6-E2ACBE0A6C97" vid_target="296ADFA9-89DA-7415-EDBB-C9FABD48A0FE">
<hideElementsInCurrentOnly>false</hideElementsInCurrentOnly>
<backgroundColor>-16777216</backgroundColor>
<lineWidth>1</lineWidth>
<points>
<point x="694" y="802"/>
<point x="694" y="1214"/>
</points>
</Connector>
<Connector class="oracle.dbtools.crest.swingui.relational.TVFKRelation" oid="E88FCE78-930A-4D0C-E57E-5114A1D450AA" otype="FKIndexAssociation" vid_source="F94CDEB1-0F10-C5E1-462E-A10AA3D1D343" vid_target="F65BDC98-CC63-C6F0-4059-F945EF826B9A">
<hideElementsInCurrentOnly>false</hideElementsInCurrentOnly>
<backgroundColor>-16777216</backgroundColor>
<lineWidth>1</lineWidth>
<points>
<point x="2109" y="1037"/>
<point x="2034" y="1037"/>
</points>
</Connector>
<Connector class="oracle.dbtools.crest.swingui.relational.TVFKRelation" oid="F13E30DA-D2F1-DC37-C381-2765DA510021" otype="FKIndexAssociation" vid_source="7C7F7E15-56FB-2B7F-6CC1-16C786CF3351" vid_target="2204700D-07BD-ADFD-57E9-E06A9D501854">
<hideElementsInCurrentOnly>false</hideElementsInCurrentOnly>
<backgroundColor>-16777216</backgroundColor>
<lineWidth>1</lineWidth>
<points>
<point x="448" y="1496"/>
<point x="448" y="596"/>
</points>
</Connector>
<Connector class="oracle.dbtools.crest.swingui.relational.TVFKRelation" oid="F566853C-CDD8-9117-171D-2B71A8497451" otype="FKIndexAssociation" vid_source="8A636FFA-E8C6-DAF6-9861-688A9E7903A8" vid_target="4FE80F5D-97C1-AF02-9628-BE6928668DAF">
<hideElementsInCurrentOnly>false</hideElementsInCurrentOnly>
<backgroundColor>-16777216</backgroundColor>
<lineWidth>1</lineWidth>
<points>
<point x="1367" y="1704"/>
<point x="1367" y="1609"/>
</points>
</Connector>
</connectors>
</Diagram>