<?xml version = '1.0' encoding = 'UTF-8'?>
<Relation class="oracle.dbtools.crest.model.design.logical.Relation" name="Tickets_Passengers_FK" directorySegmentName="seg_0" id="0D26E809-F331-BBD8-C978-621EE9CDC4AA">
<createdBy>Win 11</createdBy>
<createdTime>2025-11-02 16:57:49 UTC</createdTime>
<generatorID>63738CF0-CE5D-DE48-7654-F62F1BD5076C</generatorID>
<ownerDesignName>Projekat49</ownerDesignName>
<engineerTo>
<item key="6A759D75-BBE5-DE80-5556-01771B179846" value="true"/>
</engineerTo>
<sourcePk>CAD4FC82-950B-8E37-4E75-4317D949C7B9</sourcePk>
<identifying>false</identifying>
<optionalSource>true</optionalSource>
<optionalTarget>false</optionalTarget>
<sourceCardinality>1</sourceCardinality>
<sourceEntity>476E246E-4A05-7CDF-1E4E-B78F24BF2682</sourceEntity>
<targetCardinalityString>*</targetCardinalityString>
<targetEntity>75D9BD71-C857-BD85-4FA3-306053A9A8D9</targetEntity>
<transferable>true</transferable>
<deleteRule>NO ACTION</deleteRule>
</Relation>