<?xml version = '1.0' encoding = 'UTF-8'?>
<Relation class="oracle.dbtools.crest.model.design.logical.Relation" name="Passenger_segment_Layout_Segment_FK" directorySegmentName="seg_0" id="10EB7035-4293-72C9-3E92-FB2CF76CECB6">
<createdBy>Win 11</createdBy>
<createdTime>2025-11-02 16:57:49 UTC</createdTime>
<generatorID>C6ACCD09-750F-0873-969D-09A764445B03</generatorID>
<ownerDesignName>Projekat49</ownerDesignName>
<engineerTo>
<item key="6A759D75-BBE5-DE80-5556-01771B179846" value="true"/>
</engineerTo>
<sourcePk>E44AA58A-81EB-4FBC-F847-B94B3F0BC720</sourcePk>
<identifying>false</identifying>
<optionalSource>true</optionalSource>
<optionalTarget>false</optionalTarget>
<sourceCardinality>1</sourceCardinality>
<sourceEntity>06C4FB18-5F25-6351-5E5C-544E0F4AC992</sourceEntity>
<targetCardinalityString>*</targetCardinalityString>
<targetEntity>B56F2A4D-AA98-394B-562F-77731A0C9D2B</targetEntity>
<transferable>true</transferable>
<deleteRule>NO ACTION</deleteRule>
</Relation>