<?xml version = '1.0' encoding = 'UTF-8'?>
<Relation class="oracle.dbtools.crest.model.design.logical.Relation" name="Tickets_Seats_FK" directorySegmentName="seg_0" id="1453FAB0-9A8A-9164-C093-F1428936F15B">
<createdBy>Win 11</createdBy>
<createdTime>2025-11-02 16:57:49 UTC</createdTime>
<generatorID>E88FCE78-930A-4D0C-E57E-5114A1D450AA</generatorID>
<ownerDesignName>Projekat49</ownerDesignName>
<engineerTo>
<item key="6A759D75-BBE5-DE80-5556-01771B179846" value="true"/>
</engineerTo>
<sourcePk>8643E8E5-5F8A-FC53-0336-409E2913C5AB</sourcePk>
<identifying>false</identifying>
<optionalSource>true</optionalSource>
<optionalTarget>false</optionalTarget>
<sourceCardinality>1</sourceCardinality>
<sourceEntity>9471BCB6-310C-5E63-438F-0EAB9A890F9A</sourceEntity>
<targetCardinalityString>*</targetCardinalityString>
<targetEntity>75D9BD71-C857-BD85-4FA3-306053A9A8D9</targetEntity>
<transferable>true</transferable>
<deleteRule>NO ACTION</deleteRule>
</Relation>