<?xml version = '1.0' encoding = 'UTF-8'?>
<Relation class="oracle.dbtools.crest.model.design.logical.Relation" name="Aircraft_Maintenance_Maintenance_Type_FK" directorySegmentName="seg_0" id="14DE4532-6307-EEA4-506F-9619425D325A">
<createdBy>Win 11</createdBy>
<createdTime>2025-11-02 16:57:49 UTC</createdTime>
<generatorID>74489A0C-6507-D096-ACA9-16FAB5CF369C</generatorID>
<ownerDesignName>Projekat49</ownerDesignName>
<engineerTo>
<item key="6A759D75-BBE5-DE80-5556-01771B179846" value="true"/>
</engineerTo>
<sourcePk>EE17D3DF-2711-F146-72AE-D34501F76C24</sourcePk>
<identifying>false</identifying>
<optionalSource>true</optionalSource>
<optionalTarget>false</optionalTarget>
<sourceCardinality>1</sourceCardinality>
<sourceEntity>BA77CD70-DA2E-E3D2-846A-724BE4445D12</sourceEntity>
<targetCardinalityString>*</targetCardinalityString>
<targetEntity>45B5221B-5B8A-E118-A517-3E58F3007CFD</targetEntity>
<transferable>true</transferable>
<deleteRule>NO ACTION</deleteRule>
</Relation>