<?xml version = '1.0' encoding = 'UTF-8'?>
<Relation class="oracle.dbtools.crest.model.design.logical.Relation" name="Relation_70" directorySegmentName="seg_0" id="2AE68C5B-DB28-562A-49E9-140D7D21658C">
<createdBy>Win 11</createdBy>
<createdTime>2025-11-02 18:25:38 UTC</createdTime>
<ownerDesignName>Projekat49</ownerDesignName>
<engineerTo>
<item key="6A759D75-BBE5-DE80-5556-01771B179846" value="true"/>
</engineerTo>
<sourcePk>C99AA28C-70CA-6203-9FAC-6B7739109436</sourcePk>
<identifying>false</identifying>
<optionalSource>true</optionalSource>
<optionalTarget>false</optionalTarget>
<sourceCardinality>1</sourceCardinality>
<sourceEntity>60E0BA4A-5D87-B586-8152-9EAA274DB4DE</sourceEntity>
<targetCardinalityString>*</targetCardinalityString>
<targetEntity>FD11F1E7-6ACC-E9B4-8B36-90FD51140D83</targetEntity>
<transferable>true</transferable>
<deleteRule>NO ACTION</deleteRule>
</Relation>