<?xml version = '1.0' encoding = 'UTF-8'?>
<Relation class="oracle.dbtools.crest.model.design.logical.Relation" name="Payments_Payment_status_FK" directorySegmentName="seg_0" id="2B0CC579-21E5-BB8D-7A9B-068C25C334C6">
<createdBy>Win 11</createdBy>
<createdTime>2025-11-02 16:57:49 UTC</createdTime>
<generatorID>59A5F757-81A7-3574-4007-FE404A50FEBF</generatorID>
<ownerDesignName>Projekat49</ownerDesignName>
<engineerTo>
<item key="6A759D75-BBE5-DE80-5556-01771B179846" value="true"/>
</engineerTo>
<sourcePk>DBEFE365-99D1-0180-6D0B-305810AC01F4</sourcePk>
<identifying>false</identifying>
<optionalSource>true</optionalSource>
<optionalTarget>false</optionalTarget>
<sourceCardinality>1</sourceCardinality>
<sourceEntity>47EAC8CC-90AB-A515-5336-51701B314B3E</sourceEntity>
<targetCardinalityString>*</targetCardinalityString>
<targetEntity>6DF9A2F8-BFAC-FC55-0F11-D41B308AA227</targetEntity>
<transferable>true</transferable>
<deleteRule>NO ACTION</deleteRule>
</Relation>