<?xml version = '1.0' encoding = 'UTF-8'?>
<Relation class="oracle.dbtools.crest.model.design.logical.Relation" name="Employees_Employee_positions_FK" directorySegmentName="seg_0" id="32B4D62B-A506-9794-D3A7-1CBDA6B94371">
<createdBy>Win 11</createdBy>
<createdTime>2025-11-02 16:57:49 UTC</createdTime>
<generatorID>2A9DC00A-40AA-C954-C264-F7ED6462F347</generatorID>
<ownerDesignName>Projekat49</ownerDesignName>
<engineerTo>
<item key="6A759D75-BBE5-DE80-5556-01771B179846" value="true"/>
</engineerTo>
<sourcePk>A4F4F0D1-82AC-72EC-890B-FB69F50C0D4C</sourcePk>
<identifying>false</identifying>
<optionalSource>true</optionalSource>
<optionalTarget>false</optionalTarget>
<sourceCardinality>1</sourceCardinality>
<sourceEntity>51A3039F-9F87-C4F7-FEC6-F0D5DCEFCCCC</sourceEntity>
<targetCardinalityString>*</targetCardinalityString>
<targetEntity>88EC0702-FF6C-6021-8774-E79783B78300</targetEntity>
<transferable>true</transferable>
<deleteRule>NO ACTION</deleteRule>
</Relation>