<?xml version = '1.0' encoding = 'UTF-8'?>
<Relation class="oracle.dbtools.crest.model.design.logical.Relation" name="Reservation_Flights_FK" directorySegmentName="seg_0" id="42813DB4-DA34-CD44-F1D9-A566D3BA4DB9">
<createdBy>Win 11</createdBy>
<createdTime>2025-11-02 16:57:49 UTC</createdTime>
<generatorID>6D4B8EDD-F5B9-FBD8-33FC-8B5F102F4985</generatorID>
<ownerDesignName>Projekat49</ownerDesignName>
<engineerTo>
<item key="6A759D75-BBE5-DE80-5556-01771B179846" value="true"/>
</engineerTo>
<sourcePk>2047FD22-DCAD-960A-3310-6F66663BB3D6</sourcePk>
<identifying>false</identifying>
<optionalSource>true</optionalSource>
<optionalTarget>false</optionalTarget>
<sourceCardinality>1</sourceCardinality>
<sourceEntity>A573501F-8F11-4CFD-FD27-4897CE47BD73</sourceEntity>
<targetCardinalityString>*</targetCardinalityString>
<targetEntity>B215D784-0687-4B8C-DE1B-6577F37D96F6</targetEntity>
<transferable>true</transferable>
<deleteRule>NO ACTION</deleteRule>
</Relation>