<?xml version = '1.0' encoding = 'UTF-8'?>
<Relation class="oracle.dbtools.crest.model.design.logical.Relation" name="Cockpit_segment_Layout_Segment_FK" directorySegmentName="seg_0" id="50EDE0E0-9595-B414-8144-E75DB863825C">
<createdBy>Win 11</createdBy>
<createdTime>2025-11-02 16:57:49 UTC</createdTime>
<generatorID>46CBFDD9-777E-319C-4B6D-EA87B4701335</generatorID>
<ownerDesignName>Projekat49</ownerDesignName>
<engineerTo>
<item key="6A759D75-BBE5-DE80-5556-01771B179846" value="true"/>
</engineerTo>
<sourcePk>E44AA58A-81EB-4FBC-F847-B94B3F0BC720</sourcePk>
<identifying>false</identifying>
<optionalSource>true</optionalSource>
<optionalTarget>false</optionalTarget>
<sourceCardinality>1</sourceCardinality>
<sourceEntity>06C4FB18-5F25-6351-5E5C-544E0F4AC992</sourceEntity>
<targetCardinalityString>*</targetCardinalityString>
<targetEntity>47334580-FD31-CCA0-273A-8A4894B5B1EA</targetEntity>
<transferable>true</transferable>
<deleteRule>NO ACTION</deleteRule>
</Relation>