<?xml version = '1.0' encoding = 'UTF-8'?>
<Relation class="oracle.dbtools.crest.model.design.logical.Relation" name="Baggage_Tickets_FK" directorySegmentName="seg_0" id="5A73CCAD-488F-70D7-5AD1-417BA3F9D574">
<createdBy>Win 11</createdBy>
<createdTime>2025-11-02 16:57:49 UTC</createdTime>
<generatorID>48B900A2-9507-B2DF-BC5E-226229F02977</generatorID>
<ownerDesignName>Projekat49</ownerDesignName>
<engineerTo>
<item key="6A759D75-BBE5-DE80-5556-01771B179846" value="true"/>
</engineerTo>
<sourcePk>2E314DAA-0B11-923F-3811-730F9318529D</sourcePk>
<identifying>false</identifying>
<optionalSource>true</optionalSource>
<optionalTarget>false</optionalTarget>
<sourceCardinality>1</sourceCardinality>
<sourceEntity>75D9BD71-C857-BD85-4FA3-306053A9A8D9</sourceEntity>
<targetCardinalityString>*</targetCardinalityString>
<targetEntity>AE157029-146E-61B7-7320-1CBD064461FD</targetEntity>
<transferable>true</transferable>
<deleteRule>NO ACTION</deleteRule>
</Relation>