<?xml version = '1.0' encoding = 'UTF-8'?>
<Relation class="oracle.dbtools.crest.model.design.logical.Relation" name="Aircrafts_Layout_Aircraft_Model_FK" directorySegmentName="seg_0" id="5D7A7688-F96C-53E5-51E8-C12B930046CB">
<createdBy>Win 11</createdBy>
<createdTime>2025-11-02 16:57:49 UTC</createdTime>
<generatorID>B97B1FA4-874D-FFC4-63EC-7475C09BEAC2</generatorID>
<ownerDesignName>Projekat49</ownerDesignName>
<engineerTo>
<item key="6A759D75-BBE5-DE80-5556-01771B179846" value="true"/>
</engineerTo>
<sourcePk>6AB5F3BE-DD97-5724-C565-20AD23199C1A</sourcePk>
<identifying>false</identifying>
<optionalSource>true</optionalSource>
<optionalTarget>false</optionalTarget>
<sourceCardinality>1</sourceCardinality>
<sourceEntity>AC4ACA90-B71D-B1DC-27FE-0960F78CCA0F</sourceEntity>
<targetCardinalityString>*</targetCardinalityString>
<targetEntity>A2A9303D-F7E7-12AF-0911-14C2B5AE7132</targetEntity>
<transferable>true</transferable>
<deleteRule>NO ACTION</deleteRule>
</Relation>