<?xml version = '1.0' encoding = 'UTF-8'?>
<Relation class="oracle.dbtools.crest.model.design.logical.Relation" name="Relation_68" directorySegmentName="seg_0" id="6000E522-929F-1775-3A26-8B1FE5183E5D">
<createdBy>Win 11</createdBy>
<createdTime>2025-11-02 18:25:13 UTC</createdTime>
<ownerDesignName>Projekat49</ownerDesignName>
<engineerTo>
<item key="6A759D75-BBE5-DE80-5556-01771B179846" value="true"/>
</engineerTo>
<sourcePk>C99AA28C-70CA-6203-9FAC-6B7739109436</sourcePk>
<identifying>false</identifying>
<optionalSource>true</optionalSource>
<optionalTarget>false</optionalTarget>
<sourceCardinality>1</sourceCardinality>
<sourceEntity>60E0BA4A-5D87-B586-8152-9EAA274DB4DE</sourceEntity>
<targetCardinalityString>*</targetCardinalityString>
<targetEntity>D0FA8BF5-463C-E6AD-17AF-FC9F64FE04FC</targetEntity>
<transferable>true</transferable>
<deleteRule>NO ACTION</deleteRule>
</Relation>