<?xml version = '1.0' encoding = 'UTF-8'?>
<Relation class="oracle.dbtools.crest.model.design.logical.Relation" name="Employees_Employee_status_FK" directorySegmentName="seg_0" id="60E6019D-3D40-6D4B-235F-836346743CD0">
<createdBy>Win 11</createdBy>
<createdTime>2025-11-02 16:57:49 UTC</createdTime>
<generatorID>2539DB1F-EA72-AC71-3FCA-9967B6664812</generatorID>
<ownerDesignName>Projekat49</ownerDesignName>
<engineerTo>
<item key="6A759D75-BBE5-DE80-5556-01771B179846" value="true"/>
</engineerTo>
<sourcePk>C5BD2795-7850-A081-D3AD-66DA11A1EFB9</sourcePk>
<identifying>false</identifying>
<optionalSource>true</optionalSource>
<optionalTarget>false</optionalTarget>
<sourceCardinality>1</sourceCardinality>
<sourceEntity>6F4983B3-F970-CF76-0E36-54FBF3DF6F63</sourceEntity>
<targetCardinalityString>*</targetCardinalityString>
<targetEntity>88EC0702-FF6C-6021-8774-E79783B78300</targetEntity>
<transferable>true</transferable>
<deleteRule>NO ACTION</deleteRule>
</Relation>