<?xml version = '1.0' encoding = 'UTF-8'?>
<Relation class="oracle.dbtools.crest.model.design.logical.Relation" name="Relation_66" directorySegmentName="seg_0" id="62B94F09-7D36-318F-CFD6-15E6B525823C">
<createdBy>Win 11</createdBy>
<createdTime>2025-11-02 18:19:23 UTC</createdTime>
<ownerDesignName>Projekat49</ownerDesignName>
<engineerTo>
<item key="6A759D75-BBE5-DE80-5556-01771B179846" value="true"/>
</engineerTo>
<sourcePk>A93E056E-401C-F4FC-1C7B-F1A5D5CA8A94</sourcePk>
<identifying>false</identifying>
<optionalSource>true</optionalSource>
<optionalTarget>false</optionalTarget>
<sourceCardinality>1</sourceCardinality>
<sourceEntity>02866BA6-2C7D-EC7F-EE66-F92B6CF4D6E5</sourceEntity>
<targetCardinalityString>*</targetCardinalityString>
<targetEntity>23D6E45F-6CA9-1A50-9404-F087FC4729B4</targetEntity>
<transferable>true</transferable>
<deleteRule>NO ACTION</deleteRule>
</Relation>