<?xml version = '1.0' encoding = 'UTF-8'?>
<Relation class="oracle.dbtools.crest.model.design.logical.Relation" name="Relation_69" directorySegmentName="seg_0" id="6542CB6B-9754-A431-7162-917073875B2B">
<createdBy>Win 11</createdBy>
<createdTime>2025-11-02 18:25:17 UTC</createdTime>
<ownerDesignName>Projekat49</ownerDesignName>
<engineerTo>
<item key="6A759D75-BBE5-DE80-5556-01771B179846" value="true"/>
</engineerTo>
<sourcePk>C99AA28C-70CA-6203-9FAC-6B7739109436</sourcePk>
<identifying>false</identifying>
<optionalSource>true</optionalSource>
<optionalTarget>false</optionalTarget>
<sourceCardinality>1</sourceCardinality>
<sourceEntity>60E0BA4A-5D87-B586-8152-9EAA274DB4DE</sourceEntity>
<targetCardinalityString>*</targetCardinalityString>
<targetEntity>81FD22D4-3718-4B5F-7162-0E02C287AB38</targetEntity>
<transferable>true</transferable>
<deleteRule>NO ACTION</deleteRule>
</Relation>