<?xml version = '1.0' encoding = 'UTF-8'?>
<Relation class="oracle.dbtools.crest.model.design.logical.Relation" name="Parts_Parts_FK" directorySegmentName="seg_0" id="67AD5E87-4003-9F5B-0B1A-E6F54B7F357F">
<createdBy>Win 11</createdBy>
<createdTime>2025-11-02 16:57:49 UTC</createdTime>
<generatorID>4AD60818-A57A-118E-A559-C5A767487D45</generatorID>
<ownerDesignName>Projekat49</ownerDesignName>
<engineerTo>
<item key="6A759D75-BBE5-DE80-5556-01771B179846" value="true"/>
</engineerTo>
<targetPk>2FFC86CC-114E-B2AB-E371-9D77ECA611DB</targetPk>
<identifying>false</identifying>
<optionalSource>true</optionalSource>
<optionalTarget>true</optionalTarget>
<sourceCardinality>1</sourceCardinality>
<sourceEntity>14BEAA69-61C6-1B74-5037-4E498C01BE78</sourceEntity>
<targetCardinalityString>*</targetCardinalityString>
<targetEntity>14BEAA69-61C6-1B74-5037-4E498C01BE78</targetEntity>
<transferable>true</transferable>
<deleteRule>NO ACTION</deleteRule>
</Relation>