<?xml version = '1.0' encoding = 'UTF-8'?>
<Relation class="oracle.dbtools.crest.model.design.logical.Relation" name="Permits_Routes_FK" directorySegmentName="seg_0" id="6D00C01C-2C31-5902-7406-0877194553B9">
<createdBy>Win 11</createdBy>
<createdTime>2025-11-02 16:57:49 UTC</createdTime>
<generatorID>76120002-B253-2B11-73D5-B050BBBC44AD</generatorID>
<ownerDesignName>Projekat49</ownerDesignName>
<engineerTo>
<item key="6A759D75-BBE5-DE80-5556-01771B179846" value="true"/>
</engineerTo>
<sourcePk>FE96D1A6-BE2D-69A9-4D49-4F46D982D8EA</sourcePk>
<identifying>false</identifying>
<optionalSource>true</optionalSource>
<optionalTarget>false</optionalTarget>
<sourceCardinality>1</sourceCardinality>
<sourceEntity>A33D0AA5-F2D5-CDEE-B22A-70AAD9113A73</sourceEntity>
<targetCardinalityString>*</targetCardinalityString>
<targetEntity>6497A787-C8B8-4493-1041-13BF6FA01541</targetEntity>
<transferable>true</transferable>
<deleteRule>NO ACTION</deleteRule>
</Relation>