<?xml version = '1.0' encoding = 'UTF-8'?>
<Relation class="oracle.dbtools.crest.model.design.logical.Relation" name="Charter_flights_Permits_FK" directorySegmentName="seg_0" id="6F84292B-960F-D1DE-F803-3D87DC34B75F">
<createdBy>Win 11</createdBy>
<createdTime>2025-11-02 16:57:49 UTC</createdTime>
<generatorID>DC4443A1-B886-6044-E654-C6736EEF7DCB</generatorID>
<ownerDesignName>Projekat49</ownerDesignName>
<engineerTo>
<item key="6A759D75-BBE5-DE80-5556-01771B179846" value="true"/>
</engineerTo>
<sourcePk>B5DC03F7-0BFB-18BA-E426-8943F888BD38</sourcePk>
<identifying>false</identifying>
<optionalSource>true</optionalSource>
<optionalTarget>false</optionalTarget>
<sourceCardinality>1</sourceCardinality>
<sourceEntity>6497A787-C8B8-4493-1041-13BF6FA01541</sourceEntity>
<targetCardinalityString>*</targetCardinalityString>
<targetEntity>60B753F3-A976-4679-FC0A-C88CA0081473</targetEntity>
<transferable>true</transferable>
<deleteRule>NO ACTION</deleteRule>
</Relation>