<?xml version = '1.0' encoding = 'UTF-8'?>
<Relation class="oracle.dbtools.crest.model.design.logical.Relation" name="Seats_Layout_Segment_FK" directorySegmentName="seg_0" id="7456BC5D-1C5C-5BC9-CCA3-551AF5695440">
<createdBy>Win 11</createdBy>
<createdTime>2025-11-02 16:57:49 UTC</createdTime>
<generatorID>7594229C-DE35-81DD-44BD-61E6DF8F882B</generatorID>
<ownerDesignName>Projekat49</ownerDesignName>
<engineerTo>
<item key="6A759D75-BBE5-DE80-5556-01771B179846" value="true"/>
</engineerTo>
<sourcePk>E44AA58A-81EB-4FBC-F847-B94B3F0BC720</sourcePk>
<identifying>false</identifying>
<optionalSource>true</optionalSource>
<optionalTarget>false</optionalTarget>
<sourceCardinality>1</sourceCardinality>
<sourceEntity>06C4FB18-5F25-6351-5E5C-544E0F4AC992</sourceEntity>
<targetCardinalityString>*</targetCardinalityString>
<targetEntity>9471BCB6-310C-5E63-438F-0EAB9A890F9A</targetEntity>
<transferable>true</transferable>
<deleteRule>NO ACTION</deleteRule>
</Relation>