<?xml version = '1.0' encoding = 'UTF-8'?>
<Relation class="oracle.dbtools.crest.model.design.logical.Relation" name="Boardings_Flights_FK" directorySegmentName="seg_0" id="78A69486-C20B-0F2A-2282-F49F747D39C6">
<createdBy>Win 11</createdBy>
<createdTime>2025-11-02 16:57:49 UTC</createdTime>
<generatorID>0BF435BF-D94F-EABD-87D0-151CEB862B84</generatorID>
<ownerDesignName>Projekat49</ownerDesignName>
<engineerTo>
<item key="6A759D75-BBE5-DE80-5556-01771B179846" value="true"/>
</engineerTo>
<sourcePk>2047FD22-DCAD-960A-3310-6F66663BB3D6</sourcePk>
<identifying>false</identifying>
<optionalSource>true</optionalSource>
<optionalTarget>false</optionalTarget>
<sourceCardinality>1</sourceCardinality>
<sourceEntity>A573501F-8F11-4CFD-FD27-4897CE47BD73</sourceEntity>
<targetCardinalityString>*</targetCardinalityString>
<targetEntity>171F04A7-3CE5-759E-AEE5-9839E92F5597</targetEntity>
<transferable>true</transferable>
<deleteRule>NO ACTION</deleteRule>
</Relation>