<?xml version = '1.0' encoding = 'UTF-8'?>
<Relation class="oracle.dbtools.crest.model.design.logical.Relation" name="Permits_Permit_status_FK" directorySegmentName="seg_0" id="7CEA49FE-C0FC-DA39-DA04-2CDE7117ED21">
<createdBy>Win 11</createdBy>
<createdTime>2025-11-02 16:57:49 UTC</createdTime>
<generatorID>1084F8AD-1DEB-6E98-8CC5-6618D2E76BCF</generatorID>
<ownerDesignName>Projekat49</ownerDesignName>
<engineerTo>
<item key="6A759D75-BBE5-DE80-5556-01771B179846" value="true"/>
</engineerTo>
<sourcePk>08BDE63D-B391-9E04-4E92-0E6AFFCB2D35</sourcePk>
<identifying>false</identifying>
<optionalSource>true</optionalSource>
<optionalTarget>false</optionalTarget>
<sourceCardinality>1</sourceCardinality>
<sourceEntity>C92EA7C2-C148-2907-D524-501B0566AB68</sourceEntity>
<targetCardinalityString>*</targetCardinalityString>
<targetEntity>6497A787-C8B8-4493-1041-13BF6FA01541</targetEntity>
<transferable>true</transferable>
<deleteRule>NO ACTION</deleteRule>
</Relation>