<?xml version = '1.0' encoding = 'UTF-8'?>
<Relation class="oracle.dbtools.crest.model.design.logical.Relation" name="Relation_64" directorySegmentName="seg_0" id="7D747DF6-7B4F-9C22-AA22-A3D27BC70CF2">
<createdBy>Win 11</createdBy>
<createdTime>2025-11-02 17:36:21 UTC</createdTime>
<ownerDesignName>Projekat49</ownerDesignName>
<engineerTo>
<item key="6A759D75-BBE5-DE80-5556-01771B179846" value="true"/>
</engineerTo>
<sourcePk>8B21E085-F7B7-06B3-694F-470998267712</sourcePk>
<identifying>false</identifying>
<optionalSource>true</optionalSource>
<optionalTarget>false</optionalTarget>
<sourceCardinality>1</sourceCardinality>
<sourceEntity>E061E46C-9563-636A-3966-F59E4E6BDC5E</sourceEntity>
<targetCardinalityString>*</targetCardinalityString>
<targetEntity>A573501F-8F11-4CFD-FD27-4897CE47BD73</targetEntity>
<transferable>true</transferable>
<deleteRule>NO ACTION</deleteRule>
</Relation>