<?xml version = '1.0' encoding = 'UTF-8'?>
<Relation class="oracle.dbtools.crest.model.design.logical.Relation" name="Routes_Airports_FK" directorySegmentName="seg_0" id="825DC028-2CC1-4417-6AF4-BA658912707F">
<createdBy>Win 11</createdBy>
<createdTime>2025-11-02 16:57:49 UTC</createdTime>
<generatorID>DCB68C6C-A101-274A-15F4-C137AFFF0939</generatorID>
<ownerDesignName>Projekat49</ownerDesignName>
<engineerTo>
<item key="6A759D75-BBE5-DE80-5556-01771B179846" value="true"/>
</engineerTo>
<sourcePk>A93E056E-401C-F4FC-1C7B-F1A5D5CA8A94</sourcePk>
<identifying>false</identifying>
<optionalSource>true</optionalSource>
<optionalTarget>false</optionalTarget>
<sourceCardinality>1</sourceCardinality>
<sourceEntity>02866BA6-2C7D-EC7F-EE66-F92B6CF4D6E5</sourceEntity>
<targetCardinalityString>*</targetCardinalityString>
<targetEntity>A33D0AA5-F2D5-CDEE-B22A-70AAD9113A73</targetEntity>
<transferable>true</transferable>
<deleteRule>NO ACTION</deleteRule>
</Relation>