<?xml version = '1.0' encoding = 'UTF-8'?>
<Relation class="oracle.dbtools.crest.model.design.logical.Relation" name="Permits_Airlines_FK" directorySegmentName="seg_0" id="86EC9B30-1C34-1822-8D6E-B53D516347FC">
<createdBy>Win 11</createdBy>
<createdTime>2025-11-02 16:57:49 UTC</createdTime>
<generatorID>DDDEF57A-D20F-E739-8416-82CAD465C2AF</generatorID>
<ownerDesignName>Projekat49</ownerDesignName>
<engineerTo>
<item key="6A759D75-BBE5-DE80-5556-01771B179846" value="true"/>
</engineerTo>
<sourcePk>0DF2234A-E5AD-1801-C21C-FA97051BDFCB</sourcePk>
<identifying>false</identifying>
<optionalSource>true</optionalSource>
<optionalTarget>false</optionalTarget>
<sourceCardinality>1</sourceCardinality>
<sourceEntity>19011392-05CA-6CE8-6511-0C3D03855558</sourceEntity>
<targetCardinalityString>*</targetCardinalityString>
<targetEntity>6497A787-C8B8-4493-1041-13BF6FA01541</targetEntity>
<transferable>true</transferable>
<deleteRule>NO ACTION</deleteRule>
</Relation>