<?xml version = '1.0' encoding = 'UTF-8'?>
<Relation class="oracle.dbtools.crest.model.design.logical.Relation" name="Aircraft_Maintenance_Aircrafts_FK" directorySegmentName="seg_0" id="91C6E94D-BEDF-AB7F-279F-7700EFC92B74">
<createdBy>Win 11</createdBy>
<createdTime>2025-11-02 16:57:49 UTC</createdTime>
<generatorID>928ECFB9-9898-08AA-43BF-03EFE65E4E62</generatorID>
<ownerDesignName>Projekat49</ownerDesignName>
<engineerTo>
<item key="6A759D75-BBE5-DE80-5556-01771B179846" value="true"/>
</engineerTo>
<sourcePk>058D6BA3-59D5-1895-E812-8F814548FDB7</sourcePk>
<identifying>false</identifying>
<optionalSource>true</optionalSource>
<optionalTarget>false</optionalTarget>
<sourceCardinality>1</sourceCardinality>
<sourceEntity>B69E59B9-0965-781C-61F0-F6D7C207F20D</sourceEntity>
<targetCardinalityString>*</targetCardinalityString>
<targetEntity>45B5221B-5B8A-E118-A517-3E58F3007CFD</targetEntity>
<transferable>true</transferable>
<deleteRule>NO ACTION</deleteRule>
</Relation>