<?xml version = '1.0' encoding = 'UTF-8'?>
<Relation class="oracle.dbtools.crest.model.design.logical.Relation" name="Boardings_Reservation_FK" directorySegmentName="seg_0" id="9592F27E-A185-9CEF-FAA4-F5740F5F766E">
<createdBy>Win 11</createdBy>
<createdTime>2025-11-02 16:57:49 UTC</createdTime>
<generatorID>8DD9721D-623E-979F-E172-4F7F6E1B77BE</generatorID>
<ownerDesignName>Projekat49</ownerDesignName>
<engineerTo>
<item key="6A759D75-BBE5-DE80-5556-01771B179846" value="true"/>
</engineerTo>
<sourcePk>A343D2A0-418D-7B8C-2A32-D8C3F2CFFECD</sourcePk>
<identifying>false</identifying>
<optionalSource>true</optionalSource>
<optionalTarget>false</optionalTarget>
<sourceCardinality>1</sourceCardinality>
<sourceEntity>B215D784-0687-4B8C-DE1B-6577F37D96F6</sourceEntity>
<targetCardinalityString>*</targetCardinalityString>
<targetEntity>171F04A7-3CE5-759E-AEE5-9839E92F5597</targetEntity>
<transferable>true</transferable>
<deleteRule>NO ACTION</deleteRule>
</Relation>