<?xml version = '1.0' encoding = 'UTF-8'?>
<Relation class="oracle.dbtools.crest.model.design.logical.Relation" name="Maintenance_Tasks_Technician_FK" directorySegmentName="seg_0" id="A0DD5A3F-F9FE-B452-CA0C-52542B58E89F">
<createdBy>Win 11</createdBy>
<createdTime>2025-11-02 16:57:49 UTC</createdTime>
<generatorID>4B4E054E-DF80-AFE0-1917-06E4EAE9AF08</generatorID>
<ownerDesignName>Projekat49</ownerDesignName>
<engineerTo>
<item key="6A759D75-BBE5-DE80-5556-01771B179846" value="true"/>
</engineerTo>
<sourcePk>B74F02E3-1C32-AC8D-7E03-703D52DD3BE1</sourcePk>
<identifying>false</identifying>
<optionalSource>true</optionalSource>
<optionalTarget>false</optionalTarget>
<sourceCardinality>1</sourceCardinality>
<sourceEntity>FD11F1E7-6ACC-E9B4-8B36-90FD51140D83</sourceEntity>
<targetCardinalityString>*</targetCardinalityString>
<targetEntity>C3271824-71E5-3928-8BFC-B6A22D7563C6</targetEntity>
<transferable>true</transferable>
<deleteRule>NO ACTION</deleteRule>
</Relation>