<?xml version = '1.0' encoding = 'UTF-8'?>
<Relation class="oracle.dbtools.crest.model.design.logical.Relation" name="Relation_63" directorySegmentName="seg_0" id="A150115C-52E2-7E7B-E7B0-26A9195A3138">
<createdBy>Win 11</createdBy>
<createdTime>2025-11-02 17:35:27 UTC</createdTime>
<ownerDesignName>Projekat49</ownerDesignName>
<engineerTo>
<item key="6A759D75-BBE5-DE80-5556-01771B179846" value="true"/>
</engineerTo>
<sourcePk>C2139B2D-1AF9-4A11-7037-FD529B27481B</sourcePk>
<identifying>false</identifying>
<optionalSource>true</optionalSource>
<optionalTarget>false</optionalTarget>
<sourceCardinality>1</sourceCardinality>
<sourceEntity>7206F74C-E8EE-C3A2-85D3-1627DA46DCBF</sourceEntity>
<targetCardinalityString>*</targetCardinalityString>
<targetEntity>E061E46C-9563-636A-3966-F59E4E6BDC5E</targetEntity>
<transferable>true</transferable>
<deleteRule>NO ACTION</deleteRule>
</Relation>