<?xml version = '1.0' encoding = 'UTF-8'?>
<Relation class="oracle.dbtools.crest.model.design.logical.Relation" name="Flights_Aircrafts_FK" directorySegmentName="seg_0" id="A31E1B6E-6EE6-7027-0336-DC1532FB1FFC">
<createdBy>Win 11</createdBy>
<createdTime>2025-11-02 16:57:49 UTC</createdTime>
<generatorID>996FF89E-5858-0503-E596-41EE6BCB1783</generatorID>
<ownerDesignName>Projekat49</ownerDesignName>
<engineerTo>
<item key="6A759D75-BBE5-DE80-5556-01771B179846" value="true"/>
</engineerTo>
<sourcePk>058D6BA3-59D5-1895-E812-8F814548FDB7</sourcePk>
<identifying>false</identifying>
<optionalSource>true</optionalSource>
<optionalTarget>false</optionalTarget>
<sourceCardinality>1</sourceCardinality>
<sourceEntity>B69E59B9-0965-781C-61F0-F6D7C207F20D</sourceEntity>
<targetCardinalityString>*</targetCardinalityString>
<targetEntity>A573501F-8F11-4CFD-FD27-4897CE47BD73</targetEntity>
<transferable>true</transferable>
<deleteRule>NO ACTION</deleteRule>
</Relation>