<?xml version = '1.0' encoding = 'UTF-8'?>
<Relation class="oracle.dbtools.crest.model.design.logical.Relation" name="FuelRecord_Flights_FK" directorySegmentName="seg_0" id="ADB41582-029B-BA3D-B7E7-BF8578FAD6BD">
<createdBy>Win 11</createdBy>
<createdTime>2025-11-02 16:57:49 UTC</createdTime>
<generatorID>D84F45F7-31A2-931A-E828-3D17F208CFEA</generatorID>
<ownerDesignName>Projekat49</ownerDesignName>
<engineerTo>
<item key="6A759D75-BBE5-DE80-5556-01771B179846" value="true"/>
</engineerTo>
<sourcePk>2047FD22-DCAD-960A-3310-6F66663BB3D6</sourcePk>
<identifying>false</identifying>
<optionalSource>true</optionalSource>
<optionalTarget>false</optionalTarget>
<sourceCardinality>1</sourceCardinality>
<sourceEntity>A573501F-8F11-4CFD-FD27-4897CE47BD73</sourceEntity>
<targetCardinalityString>*</targetCardinalityString>
<targetEntity>6D1ADE19-360C-999C-2507-4EFC90447EAE</targetEntity>
<transferable>true</transferable>
<deleteRule>NO ACTION</deleteRule>
</Relation>