<?xml version = '1.0' encoding = 'UTF-8'?>
<Relation class="oracle.dbtools.crest.model.design.logical.Relation" name="Aircraft_Model_Parts_Parts_FK" directorySegmentName="seg_0" id="AE1FC5AD-EFBD-57B5-8666-1528BA52073A">
<createdBy>Win 11</createdBy>
<createdTime>2025-11-02 16:57:49 UTC</createdTime>
<generatorID>AABB6932-40E4-B5B8-F6A0-3BE4C69A0D87</generatorID>
<ownerDesignName>Projekat49</ownerDesignName>
<engineerTo>
<item key="6A759D75-BBE5-DE80-5556-01771B179846" value="true"/>
</engineerTo>
<sourcePk>2FFC86CC-114E-B2AB-E371-9D77ECA611DB</sourcePk>
<identifying>false</identifying>
<optionalSource>true</optionalSource>
<optionalTarget>false</optionalTarget>
<sourceCardinality>1</sourceCardinality>
<sourceEntity>14BEAA69-61C6-1B74-5037-4E498C01BE78</sourceEntity>
<targetCardinalityString>*</targetCardinalityString>
<targetEntity>89031A92-E303-BCBE-56E7-27D760A3E22F</targetEntity>
<transferable>true</transferable>
<deleteRule>NO ACTION</deleteRule>
</Relation>