<?xml version = '1.0' encoding = 'UTF-8'?>
<Relation class="oracle.dbtools.crest.model.design.logical.Relation" name="Payments_Currencies_FK" directorySegmentName="seg_0" id="C10E5680-1300-7298-2CCD-BDAD2AFF11F1">
<createdBy>Win 11</createdBy>
<createdTime>2025-11-02 16:57:49 UTC</createdTime>
<generatorID>C4A475B6-3164-B016-05C3-14DC8038ADF9</generatorID>
<ownerDesignName>Projekat49</ownerDesignName>
<engineerTo>
<item key="6A759D75-BBE5-DE80-5556-01771B179846" value="true"/>
</engineerTo>
<sourcePk>C43E323F-058F-D3F9-D485-A96770E8821B</sourcePk>
<identifying>false</identifying>
<optionalSource>true</optionalSource>
<optionalTarget>false</optionalTarget>
<sourceCardinality>1</sourceCardinality>
<sourceEntity>6AF840F3-084E-20D4-9CB7-BFA8C5FF6616</sourceEntity>
<targetCardinalityString>*</targetCardinalityString>
<targetEntity>6DF9A2F8-BFAC-FC55-0F11-D41B308AA227</targetEntity>
<transferable>true</transferable>
<deleteRule>NO ACTION</deleteRule>
</Relation>