<?xml version = '1.0' encoding = 'UTF-8'?>
<Relation class="oracle.dbtools.crest.model.design.logical.Relation" name="Layout_Segment_Aircrafts_Layout_FK" directorySegmentName="seg_0" id="C2301AA2-720A-C842-0558-58BDF430F88B">
<createdBy>Win 11</createdBy>
<createdTime>2025-11-02 16:57:49 UTC</createdTime>
<generatorID>2C445C51-1266-F754-FE45-A38E9F60098C</generatorID>
<ownerDesignName>Projekat49</ownerDesignName>
<engineerTo>
<item key="6A759D75-BBE5-DE80-5556-01771B179846" value="true"/>
</engineerTo>
<sourcePk>A033AC7A-62EF-8A41-CF0A-084B56E1A7B5</sourcePk>
<identifying>false</identifying>
<optionalSource>true</optionalSource>
<optionalTarget>false</optionalTarget>
<sourceCardinality>1</sourceCardinality>
<sourceEntity>A2A9303D-F7E7-12AF-0911-14C2B5AE7132</sourceEntity>
<targetCardinalityString>*</targetCardinalityString>
<targetEntity>06C4FB18-5F25-6351-5E5C-544E0F4AC992</targetEntity>
<transferable>true</transferable>
<deleteRule>NO ACTION</deleteRule>
</Relation>