<?xml version = '1.0' encoding = 'UTF-8'?>
<Relation class="oracle.dbtools.crest.model.design.logical.Relation" name="TABLE_32_Technician_FK" directorySegmentName="seg_0" id="C91AF093-14FE-997C-F82B-67F5E2977B43">
<createdBy>Win 11</createdBy>
<createdTime>2025-11-02 16:57:49 UTC</createdTime>
<generatorID>5209AE73-3BD6-42A2-4A06-63857D1928C5</generatorID>
<ownerDesignName>Projekat49</ownerDesignName>
<engineerTo>
<item key="6A759D75-BBE5-DE80-5556-01771B179846" value="true"/>
</engineerTo>
<sourcePk>B74F02E3-1C32-AC8D-7E03-703D52DD3BE1</sourcePk>
<identifying>false</identifying>
<optionalSource>true</optionalSource>
<optionalTarget>false</optionalTarget>
<sourceCardinality>1</sourceCardinality>
<sourceEntity>FD11F1E7-6ACC-E9B4-8B36-90FD51140D83</sourceEntity>
<targetCardinalityString>*</targetCardinalityString>
<targetEntity>EAD01CD9-E7F6-0762-48A2-655E2E6807F1</targetEntity>
<transferable>true</transferable>
<deleteRule>NO ACTION</deleteRule>
</Relation>