<?xml version = '1.0' encoding = 'UTF-8'?>
<Relation class="oracle.dbtools.crest.model.design.logical.Relation" name="Reservation_Passenger_Passengers_FK" directorySegmentName="seg_0" id="DC17B5E1-8DB6-FED2-D60F-7C62683E2446">
<createdBy>Win 11</createdBy>
<createdTime>2025-11-02 16:57:49 UTC</createdTime>
<generatorID>0BE3735D-EA0C-E7EE-19D3-A3F55BCE6685</generatorID>
<ownerDesignName>Projekat49</ownerDesignName>
<engineerTo>
<item key="6A759D75-BBE5-DE80-5556-01771B179846" value="true"/>
</engineerTo>
<sourcePk>CAD4FC82-950B-8E37-4E75-4317D949C7B9</sourcePk>
<identifying>true</identifying>
<optionalSource>true</optionalSource>
<optionalTarget>false</optionalTarget>
<sourceCardinality>1</sourceCardinality>
<sourceEntity>476E246E-4A05-7CDF-1E4E-B78F24BF2682</sourceEntity>
<targetCardinalityString>*</targetCardinalityString>
<targetEntity>602144DD-8A75-E627-62D0-0D457F200582</targetEntity>
<transferable>true</transferable>
<deleteRule>NO ACTION</deleteRule>
</Relation>