<?xml version = '1.0' encoding = 'UTF-8'?>
<Relation class="oracle.dbtools.crest.model.design.logical.Relation" name="Relation_62" directorySegmentName="seg_0" id="E5756AB5-FFD3-4F57-AEE5-7A0788AEA0CD">
<createdBy>Win 11</createdBy>
<createdTime>2025-11-02 17:32:09 UTC</createdTime>
<ownerDesignName>Projekat49</ownerDesignName>
<engineerTo>
<item key="6A759D75-BBE5-DE80-5556-01771B179846" value="true"/>
</engineerTo>
<sourcePk>A93E056E-401C-F4FC-1C7B-F1A5D5CA8A94</sourcePk>
<identifying>false</identifying>
<optionalSource>true</optionalSource>
<optionalTarget>false</optionalTarget>
<sourceCardinality>1</sourceCardinality>
<sourceEntity>02866BA6-2C7D-EC7F-EE66-F92B6CF4D6E5</sourceEntity>
<targetCardinalityString>*</targetCardinalityString>
<targetEntity>7206F74C-E8EE-C3A2-85D3-1627DA46DCBF</targetEntity>
<transferable>true</transferable>
<deleteRule>NO ACTION</deleteRule>
</Relation>