<?xml version = '1.0' encoding = 'UTF-8'?>
<Relation class="oracle.dbtools.crest.model.design.logical.Relation" name="Storage_segment_Layout_Segment_FK" directorySegmentName="seg_0" id="EF266985-BDAA-4F91-A9B5-CEDAAC4BCF03">
<createdBy>Win 11</createdBy>
<createdTime>2025-11-02 16:57:49 UTC</createdTime>
<generatorID>4E35AC2B-F3A8-AE58-6130-1597848FC15B</generatorID>
<ownerDesignName>Projekat49</ownerDesignName>
<engineerTo>
<item key="6A759D75-BBE5-DE80-5556-01771B179846" value="true"/>
</engineerTo>
<sourcePk>E44AA58A-81EB-4FBC-F847-B94B3F0BC720</sourcePk>
<identifying>false</identifying>
<optionalSource>true</optionalSource>
<optionalTarget>false</optionalTarget>
<sourceCardinality>1</sourceCardinality>
<sourceEntity>06C4FB18-5F25-6351-5E5C-544E0F4AC992</sourceEntity>
<targetCardinalityString>*</targetCardinalityString>
<targetEntity>86D74B37-81DD-41CF-F555-41737E411FA2</targetEntity>
<transferable>true</transferable>
<deleteRule>NO ACTION</deleteRule>
</Relation>