<?xml version = '1.0' encoding = 'UTF-8'?>
<Relation class="oracle.dbtools.crest.model.design.logical.Relation" name="Tickets_Reservation_FK" directorySegmentName="seg_0" id="F4196AB0-EB40-14D8-8F6B-EAA6873EE5CF">
<createdBy>Win 11</createdBy>
<createdTime>2025-11-02 16:57:49 UTC</createdTime>
<generatorID>9595CEF2-FDCD-718F-DE55-282F379271B7</generatorID>
<ownerDesignName>Projekat49</ownerDesignName>
<engineerTo>
<item key="6A759D75-BBE5-DE80-5556-01771B179846" value="true"/>
</engineerTo>
<sourcePk>A343D2A0-418D-7B8C-2A32-D8C3F2CFFECD</sourcePk>
<identifying>false</identifying>
<optionalSource>true</optionalSource>
<optionalTarget>false</optionalTarget>
<sourceCardinality>1</sourceCardinality>
<sourceEntity>B215D784-0687-4B8C-DE1B-6577F37D96F6</sourceEntity>
<targetCardinalityString>*</targetCardinalityString>
<targetEntity>75D9BD71-C857-BD85-4FA3-306053A9A8D9</targetEntity>
<transferable>true</transferable>
<deleteRule>NO ACTION</deleteRule>
</Relation>