<?xml version = '1.0' encoding = 'UTF-8'?>
<Relation class="oracle.dbtools.crest.model.design.logical.Relation" name="TABLE_31_Airlines_FK" directorySegmentName="seg_0" id="F7E5971A-5142-5656-0580-419B5717D066">
<createdBy>Win 11</createdBy>
<createdTime>2025-11-02 16:57:49 UTC</createdTime>
<generatorID>D3FE048C-F435-D690-D4A2-81C5D9930D0E</generatorID>
<ownerDesignName>Projekat49</ownerDesignName>
<engineerTo>
<item key="6A759D75-BBE5-DE80-5556-01771B179846" value="true"/>
</engineerTo>
<sourcePk>0DF2234A-E5AD-1801-C21C-FA97051BDFCB</sourcePk>
<identifying>false</identifying>
<optionalSource>true</optionalSource>
<optionalTarget>false</optionalTarget>
<sourceCardinality>1</sourceCardinality>
<sourceEntity>19011392-05CA-6CE8-6511-0C3D03855558</sourceEntity>
<targetCardinalityString>*</targetCardinalityString>
<targetEntity>FD11F1E7-6ACC-E9B4-8B36-90FD51140D83</targetEntity>
<transferable>true</transferable>
<deleteRule>NO ACTION</deleteRule>
</Relation>