<?xml version = '1.0' encoding = 'UTF-8'?>
<Relation class="oracle.dbtools.crest.model.design.logical.Relation" name="Charter_flights_Airlines_FK" directorySegmentName="seg_0" id="F82EE87E-B4F4-D17B-3CDB-87F352343763">
<createdBy>Win 11</createdBy>
<createdTime>2025-11-02 16:57:49 UTC</createdTime>
<generatorID>14CDE4C4-5149-E2E7-D5B7-BE25F16A5760</generatorID>
<ownerDesignName>Projekat49</ownerDesignName>
<engineerTo>
<item key="6A759D75-BBE5-DE80-5556-01771B179846" value="true"/>
</engineerTo>
<sourcePk>0DF2234A-E5AD-1801-C21C-FA97051BDFCB</sourcePk>
<identifying>false</identifying>
<optionalSource>true</optionalSource>
<optionalTarget>false</optionalTarget>
<sourceCardinality>1</sourceCardinality>
<sourceEntity>19011392-05CA-6CE8-6511-0C3D03855558</sourceEntity>
<targetCardinalityString>*</targetCardinalityString>
<targetEntity>60B753F3-A976-4679-FC0A-C88CA0081473</targetEntity>
<transferable>true</transferable>
<deleteRule>NO ACTION</deleteRule>
</Relation>