<?xml version = '1.0' encoding = 'UTF-8'?>
<Relation class="oracle.dbtools.crest.model.design.logical.Relation" name="Flights_Routes_FK" directorySegmentName="seg_0" id="F90E4638-6747-9ABB-1FD0-1CD7A8D3426E">
<createdBy>Win 11</createdBy>
<createdTime>2025-11-02 16:57:49 UTC</createdTime>
<generatorID>391E229E-A4DD-0B31-EA89-B22344ECEA27</generatorID>
<ownerDesignName>Projekat49</ownerDesignName>
<engineerTo>
<item key="6A759D75-BBE5-DE80-5556-01771B179846" value="true"/>
</engineerTo>
<sourcePk>FE96D1A6-BE2D-69A9-4D49-4F46D982D8EA</sourcePk>
<identifying>false</identifying>
<optionalSource>true</optionalSource>
<optionalTarget>false</optionalTarget>
<sourceCardinality>1</sourceCardinality>
<sourceEntity>A33D0AA5-F2D5-CDEE-B22A-70AAD9113A73</sourceEntity>
<targetCardinalityString>*</targetCardinalityString>
<targetEntity>A573501F-8F11-4CFD-FD27-4897CE47BD73</targetEntity>
<transferable>true</transferable>
<deleteRule>NO ACTION</deleteRule>
</Relation>