<?xml version = '1.0' encoding = 'UTF-8'?>
<Relation class="oracle.dbtools.crest.model.design.logical.Relation" name="Aircraft_Model_Parts_Aircraft_Model_FK" directorySegmentName="seg_0" id="FD652F69-1A24-23A1-3661-1C69B4C3834F">
<createdBy>Win 11</createdBy>
<createdTime>2025-11-02 16:57:49 UTC</createdTime>
<generatorID>52CB208F-5C5A-5895-0F87-9B3611706726</generatorID>
<ownerDesignName>Projekat49</ownerDesignName>
<engineerTo>
<item key="6A759D75-BBE5-DE80-5556-01771B179846" value="true"/>
</engineerTo>
<sourcePk>6AB5F3BE-DD97-5724-C565-20AD23199C1A</sourcePk>
<identifying>false</identifying>
<optionalSource>true</optionalSource>
<optionalTarget>false</optionalTarget>
<sourceCardinality>1</sourceCardinality>
<sourceEntity>AC4ACA90-B71D-B1DC-27FE-0960F78CCA0F</sourceEntity>
<targetCardinalityString>*</targetCardinalityString>
<targetEntity>89031A92-E303-BCBE-56E7-27D760A3E22F</targetEntity>
<transferable>true</transferable>
<deleteRule>NO ACTION</deleteRule>
</Relation>